name,age,street,city,state,zip,lng,lat
Gerald Tate,48,00245 Kristin Point Apt. 693,Jefftown,Missouri,65888,-82.159811,-17.657379
Brianna Preston,72,13410 Guerra Underpass Apt. 748,Hansonstad,Tennessee,06408,-125.893434,-47.749530
Christina Swanson,50,00213 Hernandez Cape Apt. 363,Port William,Virginia,44713,117.716344,-70.4384315
Jerry Baker,53,593 Johnson Skyway,Port Derek,Kansas,57778,-37.800690,61.0220065
Zachary West,36,13075 Edwin Isle,East Dana,Maryland,19431,90.654652,3.4912275
Robert Joyce,50,564 Wilson Knoll,North Lisa,Nevada,25897,-153.172079,39.9015935
Edward Hall,80,34101 Jacob Brook,Kirbyberg,Hawaii,98477,162.146202,47.481131
Cheryl Lynn,71,51992 Smith Point,Sharpmouth,Delaware,76214,-121.750530,88.7854875
Roberto Garcia,47,9480 Alexander Tunnel,Floresbury,Illinois,45739,-142.780214,-80.0773905
Heidi Adams,30,729 Lacey Center Apt. 965,West Anthony,Georgia,33463,-67.921895,-58.8377615
Andrea Miles,69,6787 Miller Locks Apt. 697,Ericville,Maine,55378,158.741453,23.158152
Frank Jenkins,32,039 Williamson Vista,Tannerfurt,Georgia,47456,103.123898,-16.2323695
Jeremiah Wallace,36,52438 Richard Lodge Apt. 338,Port Patrickhaven,Kansas,50216,49.047870,-72.011863
Michelle Gonzalez,57,1662 Rhodes Branch,Randyberg,Montana,19915,149.173017,81.9956135
Daniel Moss,78,630 Yolanda Harbor,South Richard,Mississippi,51263,-175.338882,31.8203005
Jessica Munoz,53,021 Tammy Crossing Suite 153,West Johnland,Colorado,18074,-79.689693,-70.756349
Terry Bell,46,20021 Philip Cliffs,West Rebecca,Florida,22014,-88.598434,81.4735615
Christina Duffy,55,5484 Mills Ridges,Harveyland,Michigan,78370,97.263337,51.834977
Sarah Wagner,34,626 Lori Ville Suite 298,Port Cynthia,Arkansas,32528,139.792646,53.3391625
Mark Watkins,67,8158 Steven Parkway,Port Caroline,New York,84738,35.711246,-58.8836275
Jorge West,60,1317 Dennis Island,Millermouth,Vermont,61766,-73.987697,16.960505
Christy Sawyer,24,00384 William Stream,Gilbertside,Mississippi,97652,20.915204,-24.4529665
Jason Nelson,30,8545 Ortega Meadows Suite 978,Josephton,Tennessee,79560,135.029198,68.396902
Christopher Henry,80,11321 James Drive,East Christopher,Nebraska,99786,105.904088,-72.899758
Timothy Rios,24,744 George Square Suite 404,Port Veronicaport,New Jersey,17494,154.794607,49.3986295
Joseph Park,56,146 Jones Circles Suite 571,Wardfort,Missouri,16033,175.729291,85.843076
David Monroe,52,7932 Gonzales Mountains Suite 080,New Melissaview,Alabama,10344,94.049380,85.950110
Adam Smith,66,941 Banks Isle Suite 670,West Danielview,Oklahoma,48055,135.968742,-7.443484
Erica Guzman,74,73265 Stacy Lane Suite 710,Joseburgh,Kentucky,71009,98.467436,-39.286665
Becky Mclean,52,24633 Carr Mountains Apt. 839,Webbborough,New Mexico,78282,74.421584,-22.9834715
Jessica Bowers,52,73748 Lane Rue,Lake Kathleenport,Delaware,19183,125.994636,5.937013
Mrs. Tammy Mack,61,2354 Douglas Tunnel Suite 961,Michaelton,Louisiana,11179,-39.828368,-70.8280235
Angela Guzman,38,31275 Gross Glens Suite 972,Davidbury,Idaho,18752,159.388815,-51.5485295
Andrea Holmes,61,012 Tracy Mountain Suite 173,Callahanland,Pennsylvania,84275,-117.386523,60.2155065
Angela Anderson,80,0897 Mueller Harbor,East Andrew,Virginia,82584,58.624696,-35.929574
Sandra Johnson,48,73677 Henderson Islands,Perryshire,Virginia,99649,-66.035859,-48.991411
Amy Stewart,70,36316 Garcia Route,Port Christopherfort,North Dakota,79127,28.286714,-83.956278
Karla Hall MD,45,0957 Lisa Garden,Edwardsberg,Minnesota,06459,-4.387939,73.4982545
Kimberly Gomez,66,330 Thomas Lock Apt. 906,Ramosport,Oregon,26445,58.956986,-11.1197435
Jordan Cox,41,189 Samuel Squares Suite 318,South Brian,Wisconsin,41214,-114.305514,-71.399111
Kathryn David,22,508 Young Valley,Lake Alexander,New Hampshire,35252,-21.317038,-86.012842
Robert Myers,20,8028 Danielle Well,Angelicahaven,Florida,79011,50.786809,31.9923735
Melissa Hall,77,96649 Robles Glen,West Annetown,Arizona,15593,58.705881,-8.7810065
Craig Nunez,64,147 Chapman Light,New Edwardville,Arkansas,17164,0.687232,-61.035024
Ralph King,27,85958 James Dale,Aaronbury,Illinois,28400,92.404853,-30.2841395
Melissa Lara,50,96643 Turner Islands Suite 065,New Edwin,Michigan,05572,161.219556,75.960564
Audrey Fuller,23,078 Marshall Mill Apt. 271,Josephfort,Colorado,09479,138.599294,88.1509695
Zachary Stanley,52,161 Anderson Motorway Apt. 147,Reevesview,North Carolina,62488,-156.187764,-35.9386255
Randall Rhodes,62,649 Mark Terrace Suite 591,Taylorside,Texas,21250,-139.177806,-76.243230
Melanie Vasquez,48,93191 Jones Fort,Arnoldfurt,Colorado,39294,-13.874826,-40.422467
Hannah Moore,40,23614 Beth Well,Danielport,South Carolina,77206,-86.665363,56.343210
Deborah Frye,30,098 Goodwin Turnpike Suite 535,Rossberg,West Virginia,21480,-93.915742,6.134302
Jamie Bell,49,2285 Booth Trail Suite 408,East Theresafort,Georgia,98978,-91.786584,50.3560145
Cheryl Whitaker,67,7355 Kirby Vista,Jenniferberg,Georgia,83805,-6.255758,58.5072795
Russell Ortiz,20,13554 Gregory Lodge Apt. 021,Cynthiabury,New Hampshire,69585,-61.718179,15.684267
Savannah Black,40,63759 Jackson Knoll Apt. 886,Beanmouth,Texas,01704,-92.314782,22.924322
Victoria Cooper,43,10652 Rachel Lights,North Kimberlystad,West Virginia,28782,107.361791,-29.3728075
Caitlin Graham,50,1376 Ann Greens Suite 085,Collinston,Maine,31487,-101.126859,38.8842395
Robert Harris,26,2011 Meyer Hills Apt. 193,Cathyhaven,Louisiana,45357,133.002584,-4.288175
Larry Browning,55,080 Gonzales Pike,New Kimberly,Colorado,17976,118.492092,-6.3948885
Teresa Hoffman,53,0232 Ruiz Divide Suite 920,Evanschester,New Mexico,68391,13.971863,-83.385148
Jeremy Hernandez,24,92575 Hammond Port,Deckerchester,Alabama,68377,-69.921578,-70.590368
Tara Patterson,44,871 Dale Glen,Aprilmouth,Louisiana,89258,-122.909414,59.0667885
Tom Foster,29,251 Leslie Union Apt. 391,New David,New York,72006,-14.536545,-61.518854
Anthony Garner,48,7559 John Causeway,Jenkinsview,Kansas,61227,167.276276,71.3487455
Kimberly Boyd,63,646 Walsh Flats,Lake Angela,Utah,81634,6.799439,-67.871458
Jennifer Holmes,56,700 Stacey Viaduct Suite 426,Brittanyland,North Dakota,17511,104.158672,10.699288
David Williams,37,98815 Wood Walk,Reidshire,Maryland,63860,106.499369,78.292638
Justin Frank,74,2720 Mccormick Mission,Kimberlyland,Kansas,12743,-95.196717,-43.106067
Jacob Wilson,41,5480 Scott Isle,South Jodi,New Hampshire,63447,92.455068,6.673908
Kathleen Walls,55,378 Payne Glens,West Wesleybury,Mississippi,35765,118.087459,72.2869375
Alex Henderson,31,65647 Reginald Extensions Suite 342,Brownchester,Idaho,78672,-122.170062,-85.1319555
Tiffany Arias,55,95783 Edwards Squares,Lauraview,Connecticut,87112,-161.788701,-5.9869525
Carl Stephens,59,065 Harold Crossing Suite 375,Millerton,Kentucky,59289,-40.966839,-20.273330
Gary James,61,1967 Danielle Mall Apt. 830,Port Elaineburgh,Colorado,56582,-19.572211,12.142849
Sharon Owens,54,603 Melissa Lights,Jodishire,New Hampshire,36889,132.110549,79.041969
Brandon Elliott,38,1004 Stefanie Creek Suite 473,Gallegosfort,Pennsylvania,23436,23.450750,67.275911
Carolyn Camacho,51,8248 Jennifer Parkway Apt. 620,Richardside,South Carolina,04949,-29.338537,21.704961
Jacob Jones,50,782 Harvey Prairie,East Deborah,Kansas,85202,-68.457555,-37.487120
Brian White,39,3252 Gomez Mountain,Karenport,Massachusetts,93045,-139.873180,-20.419995
Chad Hunt,22,123 Christy Vista Suite 346,Davidchester,Utah,92960,-61.124817,57.4902145
Brenda Johnson,47,044 William Cove Suite 088,Nathanielhaven,Illinois,90579,-154.000795,60.720203
Thomas Smith,52,28298 Carolyn Pines Apt. 197,Lake Barbarahaven,Alaska,58407,-179.056428,-25.591498
Jonathan Mccall,29,426 Julia Common Apt. 278,East Jeffreyport,Louisiana,97499,-156.139462,-43.268519
David Stanley,43,02082 Evans Junctions Suite 716,Montgomerychester,Virginia,97126,10.569631,62.2448315
Nicholas Edwards,32,11613 Jessica Flats Suite 606,New Denise,West Virginia,71236,-76.345291,-66.934636
Tracey Edwards,64,404 Lee Inlet Suite 562,Port Julieland,Indiana,45640,59.495400,-39.811668
Katherine Barnes,55,14234 Amy Summit,Lewistown,Indiana,11922,159.705810,23.989872
Mallory Campbell,18,89149 Smith Forge Suite 707,Lake Douglas,Ohio,31199,-174.758816,75.6022495
Daniel Lara,54,7425 Graham Viaduct,Hineschester,Missouri,12377,-70.854362,-70.042261
Diane Clarke,67,13139 Goodman Mountains,North Edwardburgh,Virginia,87047,-125.303438,-2.2084865
Christopher Small,33,37484 Ronald Land,Woodwardmouth,Wisconsin,24491,176.999903,12.0317375
Mike Morales,71,743 Hayes Passage Apt. 771,New Harold,Nebraska,17652,13.308869,-66.379793
Larry Becker,23,4390 Melissa Run,Port Christopher,Kentucky,32483,49.717991,-52.2509275
Dwayne Burton,39,033 Parsons Skyway,Natalieburgh,Michigan,89300,-110.868825,-10.226145
Alicia Shelton,34,605 Bethany Turnpike Apt. 343,New Mary,Rhode Island,26659,-80.041275,54.4501425
Joanna Harvey,77,72594 Candace View Apt. 599,East Melissa,Kansas,53076,100.611727,-24.7990855
Seth Lamb,63,098 Tina Pike,Wilsonberg,Rhode Island,71170,105.361467,-79.408271
Teresa Gray,29,83782 Anna Mill,West Johnborough,Louisiana,54036,112.525272,86.217678
Andrew Brooks,29,119 Anderson Courts Apt. 871,Port Derrickbury,Idaho,50647,166.953260,44.0219255
Ronald Smith,80,9615 Campos Valley Suite 545,Rebeccachester,Colorado,78680,-108.439764,-67.0455735
Joshua Shaw,33,3864 Thomas Course Suite 593,Ethanton,Idaho,60264,-43.206642,16.4130945
Devin Wood,25,0266 Parrish Corners,Mooreview,Mississippi,69293,127.776904,-48.763540
Melanie George,62,79012 Lee Walks,Port Jesse,Nevada,70604,-124.404495,-2.4917495
Jonathan Johnson,41,2263 Kelly Burg,Clarkbury,Missouri,55887,7.286245,48.1073675
Laura Estrada,37,6276 Buchanan Vista,Ramirezberg,New Mexico,82294,86.882065,76.9548225
Angel Lane,44,3972 Victoria Branch,New Elizabethtown,Utah,48050,73.461507,59.8172115
Kathleen Conway,50,93211 Laura Ridges,Evanshaven,Wyoming,01983,52.879756,-39.133531
Thomas Brown,28,692 Berg Parkway Suite 486,Brittneybury,New York,16443,118.255148,-79.3469415
Fred Lewis,66,2562 Dustin Ford,New Mariahview,Illinois,20202,-143.056126,-41.9032805
Bryce Garcia,64,284 Rodgers Islands Suite 777,Cowanmouth,Alabama,95624,-143.617957,78.533683
John Williams,66,617 Gibson Roads Apt. 470,East Rachelmouth,Missouri,35500,-58.424950,-24.5030385
Alexander Joyce,41,0154 Anderson Island Apt. 924,Evansberg,Tennessee,60725,-103.262655,-8.940513
Mark Walker,30,4908 Brandon Spur,Charlesberg,Virginia,48485,-31.704742,-42.546436
Brittney Casey,57,4213 Jack Gardens Apt. 146,Lake Johnville,Massachusetts,41373,-4.597767,89.8810365
Matthew Ramirez,75,1962 Renee Turnpike Suite 751,Jonathanfort,Arizona,59866,-30.080693,66.368949
Cody Morris,79,358 Robert Trafficway Suite 175,West Jill,Washington,05030,-110.868739,43.488991
Jennifer Carter,59,35643 Mccarthy Stream Apt. 890,Lake Jamesberg,Maryland,35415,-91.100476,10.791658
Amber Landry,20,409 Ashley Spur Suite 869,Kimchester,Pennsylvania,99733,-101.531144,-59.1217465
Amy Carr,73,0826 Yolanda Stream Apt. 466,New Kyle,Indiana,07373,-112.196390,-57.317046
Kristen Reynolds,53,9967 Mathews Lake Suite 290,Lindseyburgh,Oregon,02992,167.535356,47.902484
Amanda Mcintyre,25,268 Williams Mountains,New Moniquefurt,South Carolina,79978,-161.808194,43.5811745
Holly Hunter,30,919 Jones Skyway Apt. 971,Jeremymouth,Iowa,77648,148.760401,-81.7329395
Matthew Lucas,65,02006 Boone Summit Suite 963,North Thomashaven,Nevada,77073,34.372313,51.0231615
William White,50,889 Hendrix Shores,East Joshua,Wyoming,73723,-148.493538,45.431649
Steven Gutierrez,24,0254 Lopez Forest,South Brandi,Kentucky,97945,1.639801,12.546284
Jeanne Brennan,60,0843 Jessica Ports,South Pamelaland,Pennsylvania,36393,13.830855,48.268414
Brian Poole,59,333 John Roads,Crystalstad,Idaho,80100,-86.172705,-28.3895045
Daniel Campbell,65,31613 Allen Drives Apt. 973,Port Robert,Massachusetts,89034,159.201617,59.2992775
Amanda Sullivan,70,7938 Sonia Cove,Dunnstad,Alaska,54615,139.866546,44.501815
Stephen Burns,80,563 Johnson Squares,Michellehaven,Kentucky,01298,62.458085,73.861755
Jay Smith,54,8289 Mathis Plains Apt. 417,West Jeffrey,South Carolina,02596,69.422404,-76.552785
Kristy Reilly,63,574 Mccullough Brook Suite 682,Port Andrewville,Oklahoma,90061,-151.745641,49.826814
Marie Riley,65,99659 Adams Rapids,Lake Joseph,Montana,54779,110.315179,42.4982135
Olivia Brown,74,227 Chad Wells Suite 111,Brittanyview,Mississippi,76451,54.008374,-2.3911825
James Harris,63,429 Oliver Rest Apt. 926,Rossfort,Kansas,99442,-82.407727,45.000457
Amanda Dyer,31,71367 Kane Ferry Apt. 156,New Robertport,Iowa,17082,114.772423,-76.9354435
Shannon Clayton,49,4587 Sherry Canyon Apt. 104,Melaniefort,Nebraska,05114,80.171973,87.963364
Jeffrey Hicks,73,722 Richard Rapids Apt. 106,Englishstad,Nebraska,68337,-53.582213,-83.324524
Geoffrey Ferguson,46,571 Juan Hollow,Omarfurt,Vermont,71374,-51.367157,7.419711
Emily Johnson,59,3078 Danielle Ford,Susanberg,West Virginia,72424,-100.857403,3.6122465
Latasha Sanchez,39,1699 Powell Club,North Anthonyview,Wisconsin,02250,-112.627223,-87.896247
Jeffrey Fischer,69,2018 Jane Pine,Shafferville,Rhode Island,32088,146.118648,-47.5961685
Amy Walker,44,441 Vaughn Fields,Jenniferside,Maine,78657,35.907292,51.1141925
Mrs. Jamie Walker DDS,42,121 Walker Turnpike,Donnachester,Hawaii,72434,-107.606153,-38.2748315
Elizabeth Clark,41,0145 Murphy Crossroad,Port Eric,Ohio,06450,58.248870,-35.527193
Mark Stewart,30,429 Emily Course Suite 982,Lake Jeffrey,Maryland,32843,134.379263,64.5582395
Sabrina Holder,31,0495 Shannon Oval Apt. 711,Garrettmouth,Alabama,16162,-100.647651,0.7165265
Debra Mitchell,70,516 Cook Park,North Allen,Kansas,43684,150.541042,89.319840
Melissa Rios,25,698 Ross Drives,East Annmouth,New Jersey,94845,178.388155,72.9917045
Becky Escobar,66,576 Jessica Place Apt. 986,Lake Beckybury,North Carolina,79011,56.783420,18.708776
Brendan Hernandez,47,8377 Daniel Isle Suite 823,Russellshire,Colorado,42850,127.757532,-7.6394355
Erin Barry,19,71926 Robinson Pike Apt. 678,Nguyenberg,Iowa,90591,55.993158,80.0763615
Nancy Lee,77,4869 Padilla Route,Julialand,Montana,44445,-138.853587,-9.304897
Keith Grant,24,0966 Tara Dale Suite 260,South Carlamouth,Wisconsin,94887,-74.846304,-55.038173
Patricia Molina,57,78198 Matthew Inlet,North Laurachester,Oklahoma,73550,-133.693846,-67.646852
Rebecca Merritt,24,63374 Thomas Mission Apt. 393,Kaylaborough,New Hampshire,72132,-179.815674,-73.415328
Kimberly Riley,23,084 Friedman Grove Suite 277,New Williamshire,Mississippi,81676,-6.279676,-5.591706
Michael Wood,39,7617 Matthew Loaf,Port Aaronton,Missouri,24748,128.531563,62.074772
Isaac Thompson,22,795 Jennifer Pines Suite 456,East Vincentmouth,Oregon,94310,-163.678900,59.9813875
Danielle Simpson,68,78756 Robert Port Apt. 620,East Nicoleville,Ohio,15921,-72.660707,-56.0613625
Gregory Moreno,51,6747 Suarez Corners,Port Marie,South Carolina,41641,113.302311,-46.079829
Tony Smith,56,53798 Marsh Walks Suite 409,Port Nathan,Georgia,00559,-51.866040,49.497395
Kayla Johnson,52,222 Christy Lock Apt. 399,South David,West Virginia,13603,73.443675,-37.023122
Carla Pugh,39,6717 Herrera Mount,Kaylatown,Maryland,97729,-107.993252,-74.856042
Joseph Miller,48,9842 Torres Summit,Trevorview,Minnesota,77325,111.735049,41.9071505
Justin Bradford,77,496 Patricia Prairie Apt. 245,West Joel,New Jersey,67434,41.171214,54.470448
Ana Tyler,46,78810 Kayla Course Suite 439,Rollinsview,Illinois,32067,15.794474,-52.5712935
Ashley Drake,53,563 Catherine Springs Suite 890,Lake Zachary,Michigan,87343,-177.883583,-9.0988945
Scott Williams,75,674 Williams Turnpike,Tinafort,Indiana,39259,-36.951053,-15.782795
Mr. Timothy Thornton,29,82847 David Ville,New Rebekah,Indiana,86690,22.925195,22.600134
Douglas Frank,62,6011 Smith Village,Jamesburgh,New Mexico,67848,-160.300819,45.2574195
Richard Brown,21,25398 Craig Neck,New Chris,California,07959,-48.808375,18.907691
Kimberly Hunt,38,65229 Villa Branch,Mathistown,North Dakota,36544,-90.712033,48.862447
Renee Brown,56,599 Martin Roads Apt. 831,Mejiaport,Maine,49741,38.808240,43.620791
Kimberly Goodwin,57,041 Sheryl Corners Suite 395,Michelemouth,Oklahoma,29236,-179.610565,-62.675101
Kelly Brown,35,114 Wallace Wells Suite 263,Trujilloside,Alaska,76541,-157.903777,-70.9758905
Steven Henry,22,53095 James Locks Apt. 299,Garcialand,Nevada,75921,134.444261,48.3624035
Marilyn Tapia,48,6661 Michelle Square Apt. 077,Jessicachester,Maryland,78131,-169.668621,-37.3374975
Laura Chen,74,699 Miller Plain,North Anna,North Carolina,48960,-21.633694,-84.0164335
Jeffrey Mccarthy,65,43295 Mullen Drive Apt. 649,Lake Ronaldchester,Mississippi,27686,103.694664,50.0633415
Amanda Diaz,62,792 Nicholas Cove Apt. 580,Lake Markmouth,Minnesota,37407,-167.171673,10.949131
Jamie Cook,18,7760 Medina Shore Apt. 097,New William,North Carolina,56673,88.553671,19.8744905
Lindsey Bailey,30,513 Martin Green Apt. 869,Rogersfort,Georgia,90665,-22.476634,-20.0094725
Amanda Kelley,42,149 Jacob River Suite 085,Adrienneport,Tennessee,55717,95.475047,4.4293195
Justin Lewis,47,071 Spencer Ports Apt. 538,Tamarastad,California,52148,-170.258936,14.000818
Mary Edwards,63,43572 Rachel Mews,Williamsview,Massachusetts,48184,119.876622,-13.6206735
Erica Kent,79,7541 Garcia Inlet,Brandonborough,Massachusetts,66291,97.016978,-69.954092
Nathan Collier PhD,49,9548 Amanda Roads Suite 571,North Cassidy,North Carolina,30039,-175.205360,-51.6878225
Kim Miranda,32,6446 Nicholas Bypass,Travisfurt,Arizona,03957,-65.511282,62.6696445
Brandi Williams,56,607 Hall Shoals,Christopherborough,California,89180,103.243518,-88.003692
Laura Dominguez,70,85794 Hale Motorway,North Teresa,North Carolina,34528,-43.412283,-78.5099365
Susan Stevens,19,386 James Wells,Andersonport,New Jersey,42695,-131.932327,7.5752765
Ryan Atkins,47,3020 James Way Apt. 010,New Danielborough,Massachusetts,35708,14.415563,76.992526
Heather Smith,58,2318 Bruce Road Suite 647,North Mark,Utah,55745,-110.477682,8.901538
Jacob Wheeler,20,2335 Maria Lodge Apt. 637,Kennedyburgh,Missouri,84799,2.503005,-36.399592
Edward Hudson,25,5960 Mcbride Canyon,Ballardmouth,Illinois,34400,-50.812790,-11.6514775
Mary Klein,57,30869 Weiss Forges Suite 005,Samuelburgh,Arkansas,61227,155.651343,-34.235760
Paul Davis,19,15195 Aguirre River,West Ritafurt,Nevada,87769,-60.874500,74.1041965
Richard Hampton,31,51203 Cunningham Vista,South Sharon,Kansas,96173,-41.049204,-55.0416165
Joshua Young,38,170 Steven Shore,Port Tammy,Kentucky,36078,-142.206372,38.545033
Amanda Jackson,42,1415 Justin Circles,Andrewberg,Wyoming,57019,-114.322382,62.4285845
Raymond Stafford DDS,58,796 Jones Gardens,Brandonview,Louisiana,97298,-79.368079,-15.206236
Kenneth Austin,77,631 Chapman Rapids Apt. 207,West Jonathon,Nebraska,99241,35.698894,-71.263542
Jeremy Collins,50,626 Elizabeth Causeway,Patrickmouth,West Virginia,56222,39.727440,-56.8254765
Laura Anderson,26,98521 Weber Shores Apt. 696,Port Elizabeth,Florida,60822,92.618252,68.971721
Jared Smith,35,506 Kelsey Vista Apt. 181,New Dawntown,Arkansas,87339,-138.033448,60.9369795
James Williams MD,21,227 Lee Neck Apt. 937,South Debra,New Mexico,38410,165.660241,-74.8047045
Phyllis Johnson,72,3320 Martha Mews,Emmaville,Pennsylvania,87224,-114.678519,21.381735
John Long,59,5689 Moore Square Apt. 622,North Brittneyshire,Kentucky,25609,156.106358,-44.4192245
Michelle Carey,59,5477 Oconnor Extension,South Jackport,South Dakota,70773,38.591175,6.8793165
Rebecca Mahoney,39,1465 Nicole Freeway Apt. 227,West Darrenville,Idaho,05074,-95.543952,-66.364736
Eric Miller,61,02495 Collins Mall,Hallfort,West Virginia,91365,-91.972555,1.5804375
Robert Murphy,60,595 Anderson Pass,Lake Jason,Wisconsin,01508,-126.088587,44.4025805
Rhonda Vasquez DDS,32,546 Garrett Landing Apt. 626,Hollyfurt,Alabama,05139,-179.466217,43.745737
Jeffery Ramos,69,140 Sandoval Parkways,Katherineview,Minnesota,60162,-87.908340,57.5114605
Peter Mccann,53,0279 Humphrey Underpass Suite 192,Port Aimee,Arkansas,67483,-104.919612,-13.464282
Taylor Lopez,74,3991 Kelsey Hill Suite 125,Nicolestad,Connecticut,03193,-54.209972,-48.401678
Mr. Andre Garcia,54,6883 Smith Valley Suite 049,Patelfurt,Connecticut,42237,-123.784740,-3.618457
Christina Porter DVM,20,4583 Sosa Mountains,Lake Jeffreymouth,Massachusetts,18192,108.139871,-22.269842
Ebony English,76,6081 Cox Lock Suite 600,Samanthafurt,Georgia,61799,-89.781845,45.249769
Ruth Rivera,42,629 Kimberly Summit,New Mallory,Texas,09233,126.553504,71.659883
Jennifer Anthony,31,07151 Vaughn Park,Penaport,Florida,48633,34.201221,-88.114506
Yvonne Turner,19,884 Velazquez Spring Suite 095,Rodriguezborough,New Hampshire,94730,-52.722994,-78.828067
Daniel Andrade PhD,76,163 English Manors,Lake Dylan,Michigan,40254,-155.750064,-27.551893
Lisa Beasley,72,80570 Gutierrez Avenue Suite 373,Lake Joshua,Delaware,83472,-36.614549,-44.745486
Shannon Hardin,59,6155 Lopez Ports Apt. 023,Port Michelle,New Mexico,45498,-162.554177,-65.5745575
Mrs. Theresa Castaneda DVM,37,4495 Scott Alley Suite 603,East Jacquelinefurt,Washington,75468,-173.339361,85.120725
Emily Flores,47,411 Dana Highway Suite 966,North Kristenberg,Mississippi,94092,85.341969,66.606151
Joseph Brown,68,2278 Donna Course Suite 617,East Keithmouth,Georgia,83355,141.549099,80.389867
Adam Goodwin,40,15656 Johnson Ways Suite 440,East Amandafurt,New Hampshire,70071,-108.776714,58.3108475
Makayla Pham,73,367 Brenda Hill,Hamiltonchester,Colorado,76105,-176.377446,59.6471865
Erin Shaw,56,03243 Willie Extensions,West Alexis,Idaho,45564,52.233560,-47.801438
Lonnie Trujillo,60,600 Kelley Rue,Lake Brandiport,Alabama,04045,33.472498,10.372003
Debra Griffith,79,09670 Lyons Walk Apt. 432,South Vanessa,Arkansas,25321,174.131103,87.995847
Charles Wiley,62,37394 Shawn Highway Suite 641,East Waynemouth,South Carolina,71874,-82.255864,-80.266254
Sarah Campbell,19,13422 Sarah Forge,Lauramouth,Florida,32536,-68.870780,85.4001105
Stephen Le,19,5449 Vincent Parkway Apt. 911,Lisamouth,South Dakota,89017,-52.395353,78.719485
Ronald Callahan,41,536 Kathleen Greens Apt. 428,Lake Sarahton,Arkansas,41911,-70.194345,25.1046085
Dawn Fuller,27,13798 Johnson Land Apt. 058,Montoyatown,Alabama,95638,-74.761086,-1.301999
Jessica Howell,21,761 Odom Union Suite 908,Carlaside,Alaska,41065,-49.236026,74.021970
Lisa Underwood,34,82941 Phillips Landing,Rojasburgh,Nebraska,30471,41.798836,-68.6382475
Emily Smith DVM,62,58125 Rachel Ford Apt. 056,East Michael,Nevada,48889,118.488349,42.982756
Richard Frey,33,1557 Kenneth Pine,West Tabitha,Virginia,97739,-79.223836,-72.848041
Brian Stewart,69,6989 Fleming Summit,West Philipview,Kansas,47780,-109.330082,41.6452175
Scott Ramirez,72,87281 Meredith Isle,South Robert,Montana,46166,41.019766,25.8750015
Alexis Webster,42,354 Marcus Glen,Mitchellfort,South Dakota,47676,-85.816764,-75.8969955
Jessica Chan,41,60491 Robinson Gardens Apt. 604,Port Laura,Idaho,37714,55.682579,-86.683086
Patrick Powell,32,7269 Kristy Curve,West Christina,Maine,05626,93.889354,66.661678
Catherine Scott,50,39502 James Bypass,Justinstad,Nevada,30915,-26.341103,64.035516
Jennifer Ramirez,79,87415 Miller Shore Apt. 705,Stephenbury,Illinois,72404,12.846007,47.0858795
Tabitha Cooper,35,661 Joshua Summit Suite 633,New Anthony,North Carolina,47223,-55.696446,32.552018
Kenneth Macdonald,76,94716 Cynthia Freeway,Amberburgh,Alaska,61068,-154.734464,63.7779555
Matthew Vazquez,19,625 Navarro Inlet,New Brandonland,South Carolina,70477,-91.957785,27.2979355
Willie Clark,43,4480 David Plains,Lake Laura,Hawaii,33180,-14.531462,74.4238275
Emily Lee,62,804 Nicole Shoal,Port Patrickburgh,Colorado,87069,-149.553712,-9.5420435
Chad Caldwell,39,631 Brandon Harbor,Ronnieshire,Michigan,70293,-51.640270,57.641856
Christina Daniels,21,1447 Rogers Fords,Tapiaborough,New Jersey,19663,85.902928,66.0249265
Melissa Kelly,49,8523 James Knolls,Freemanfort,Maryland,83593,-110.613024,77.4003295
Curtis Navarro,33,0340 Bush Circle Apt. 115,East Cynthia,Washington,65182,81.039484,-27.150001
Amber Shelton,65,98261 Stephanie Isle Apt. 826,Heathershire,California,86743,107.370097,80.699391
Sheryl Norman,19,48774 Alyssa Dam Suite 584,Barberbury,Illinois,14529,-14.430931,-82.6247095
Sarah Webb,67,854 Rebekah Neck,Elijahmouth,Wyoming,84139,129.558070,-71.536454
Bob Kennedy,38,87117 Claire Lakes,Chapmanbury,North Dakota,02803,-33.677833,-34.2032075
Daniel Charles,22,9899 Harris Highway Suite 709,Davidborough,Texas,70896,46.605331,-46.2718465
Courtney Castillo,68,8869 Kevin Ferry,West Jennifer,Oklahoma,27863,-40.069500,45.295067
Larry Cox,77,36024 Mclaughlin Brook,Nathanielville,Virginia,64134,58.763854,-27.7924505
Heather Phillips,18,15470 Patel Brooks Suite 299,Lake Louis,Vermont,65527,68.161402,-62.996422
Kimberly Kelly,25,8903 Martinez Cove Suite 970,East Timothyton,Vermont,94428,76.888803,17.952457
Mr. Michael Gray,30,5071 Dickerson Springs Apt. 844,Elizabethfurt,Virginia,30657,-172.838709,65.0418565
James Garcia,44,4886 Amy Rapid,West Jennifer,Idaho,10815,0.640685,-38.185506
Rachel Stanley,51,15923 Davidson Mills Apt. 500,Brittanyfort,Kentucky,93515,166.126578,-51.275549
James Coleman,58,4493 Spencer Village,Michaelside,North Dakota,34224,-100.251781,20.321892
Elizabeth Williams,47,9366 Graham Mount Apt. 584,Walkerborough,Texas,55642,-15.725991,83.814614
Joseph Middleton,63,0845 Angela Cape Apt. 480,Finleyville,Idaho,78826,-89.792800,41.672523
Christine Joseph,64,5988 Brittany Groves Apt. 905,Lake Susan,Florida,15526,-45.847171,64.3084945
Alejandro Gomez,39,2542 Timothy Springs Apt. 938,Port Johnstad,Georgia,52779,65.075954,-16.236435
Sean Newman,38,5411 Stacey Locks Suite 072,Bradleyview,New Hampshire,99423,172.776799,-89.796370
Mitchell Ramos,72,00629 Moore Extension Apt. 292,East Melissashire,Colorado,77503,171.556943,63.6416775
Erin Nunez,69,87875 Walker Turnpike,New Jackie,Oklahoma,65964,-165.855606,88.4969765
Stephen Johnson,75,707 Davis Club Suite 290,Port Danielburgh,Oklahoma,30962,-1.435202,8.958945
Colleen Martin,37,2934 James Creek Suite 805,Harveyville,Missouri,98243,-91.882705,-19.1415625
Kimberly Weiss,76,631 Stephanie Summit,Petersmouth,Massachusetts,97018,150.575334,-57.708599
Mrs. Julia Johnson,69,9365 John Canyon,Donnaside,Idaho,83365,82.091803,80.9733835
Ashley Burton,72,6565 Kevin Parkways Suite 269,South Bradley,Delaware,03769,90.086661,-81.2886825
Andrea Lucas,46,522 Dale Street Apt. 713,East Dana,Kentucky,68356,42.912874,6.2139455
Ashley Gordon,74,386 Gerald Glen,East Robertport,Minnesota,09124,-18.210583,24.864362
Mary Davis,64,122 Gray Estates,Autumnberg,Colorado,85237,32.093965,9.5388165
Heather Brown,79,332 Sean Roads,Rachelmouth,Georgia,36060,-7.807571,23.316102
Amy Romero,66,5990 Allen Park,West Antonioport,Arizona,94099,55.375461,70.268234
Eric Hester,69,796 Black Run Apt. 094,East Christophermouth,Illinois,83381,-13.905457,38.221613
Bradley Mitchell,73,9953 Williams Overpass Apt. 563,Tiffanyside,Mississippi,30682,-135.890189,-73.9668035
Mark Brooks,47,524 Tommy Ports,Jeffreyview,Georgia,97338,-104.578109,63.7370805
Victor Franklin,32,40814 Michael Forks,Michelleland,Arizona,03736,3.386241,51.4300505
Robert Norman,79,639 Matthew Path Apt. 717,Sandersfort,Oregon,80224,164.554302,-59.0555015
Matthew Hunt,44,450 Kevin Neck,Travismouth,Virginia,24367,54.830597,-47.4596675
Kelly Moran,71,36690 Bridget Crest,East Alexismouth,Missouri,20729,48.863973,67.404127
Laura Mcbride,25,46697 Ortiz Causeway,Lake Kevin,Ohio,71558,-95.094996,0.289446
John Green,31,716 Pierce Cliff Suite 819,Raymondmouth,South Dakota,25708,-87.670819,-89.1364625
Marie Long,25,54840 Ramos Center,Thomasburgh,South Carolina,29812,-176.394327,5.552162
Jacob Morris,24,6411 William Drive Apt. 665,Billybury,Kentucky,65953,-0.950135,-88.622110
Kimberly Bradley,34,15582 Williams Harbors Suite 016,Port Gina,South Dakota,76285,-130.424163,-15.804753
Stephen Dickson,32,156 Erin Ways Suite 502,Romerofort,North Carolina,47365,-59.124082,-52.7057435
Pamela Stone,19,09164 Gonzalez Ports,Russellland,Maryland,71946,-120.010025,4.413530
Erin Banks,26,360 Gina Station,Elaineville,Oregon,96879,92.452390,-50.9706445
Sharon Townsend,38,9819 Holly Plaza Apt. 944,Jenniferfort,Minnesota,80832,138.507618,53.841586
Craig Watts,60,6854 Laura Ramp Apt. 517,Wilsonburgh,Vermont,43951,77.768057,28.0230725
Maria Lane,58,27201 Bradley Overpass Suite 918,Lake Angela,Arizona,06640,22.298474,-83.626529
Victoria Walters,44,61626 Brittney Islands Apt. 415,Julianport,Idaho,27525,77.613283,79.6014855
Marvin Morgan,49,79967 Hawkins Passage Suite 905,Patelside,Maryland,11958,58.323576,-39.081333
Sarah Ramirez DDS,53,29569 Christian Dale,East Jamesmouth,Montana,64767,-140.770012,-77.496576
Benjamin Logan,72,35472 Andrew Mill,Joshuaberg,Indiana,96378,-15.160418,-70.4714025
Edwin Luna,53,6595 Harris Squares Suite 966,North Eddie,Arkansas,77362,-101.904910,-18.5821975
Tara Hamilton,23,9609 Denise Crest,East Joshuatown,Pennsylvania,89786,-91.357038,77.5278435
Hailey Nelson,25,88634 Johnson Circle Apt. 389,Howellport,Tennessee,12486,167.262364,-87.6191995
Michelle Brown,23,44041 Karl Cape Apt. 732,West Jonathanville,Georgia,51902,-152.384395,-85.2010505
Nicholas Olsen,26,2427 Susan Green,Smithchester,Nevada,81542,18.672910,42.033157
Stephen Leon,27,9637 Richard Points Suite 194,Markshire,Wisconsin,12383,-55.275362,30.7768415
Robert Stephens,27,1596 Judith Roads Suite 408,Ramirezborough,Missouri,40642,72.321039,27.9597965
Melinda Douglas,47,816 Karen Plain,Melissaland,Oregon,07157,-138.263990,-26.5400325
Kimberly Navarro,21,680 Smith Mountains Suite 854,New Leahberg,Georgia,10201,143.573676,-42.7711005
Peter Brown,42,366 Gina Views Apt. 193,East Joseph,New York,66186,107.461579,0.585732
Emily Stewart,38,6613 Ryan Heights,New Douglastown,Nevada,73924,114.423649,-21.440177
Brian Durham,51,4728 Gary Mills Apt. 575,Port Jocelyn,Oregon,79972,-18.238530,-13.1232735
Fernando Santiago,73,965 Brian Village Suite 218,North Brandonhaven,West Virginia,44754,14.848454,-23.5968945
Sierra Evans MD,33,28635 Sarah Stravenue,Dominiqueborough,Utah,85060,78.021934,43.075581
Julie Schneider,72,77304 Rhodes Dale Apt. 365,New Kevinbury,Michigan,11004,-26.560269,-49.288988
Taylor Pittman,27,993 Joseph Terrace,Port Kevinhaven,Indiana,01684,-70.877674,78.731099
Tiffany Whitaker,37,6878 Valenzuela Ridges Suite 023,Lake Richardhaven,South Carolina,66260,64.114979,-0.3632205
Jill Zamora,78,972 Scott Landing,Richardmouth,Hawaii,93651,46.420542,38.836937
Christian Taylor,61,3304 Taylor Stream,East Donna,Mississippi,46433,95.767539,-2.6905035
William Johnson,64,36814 Flores Road Apt. 654,Bradleyland,Wisconsin,20473,153.898482,-17.772618
Robert Ortiz,19,93270 Colon Row,Alexanderchester,Washington,70286,117.813469,45.7105645
Wendy Kelly,79,834 Zamora Port Suite 470,Powersport,Georgia,63424,-0.546492,-43.8853305
David Cox,40,3501 Benjamin Junctions Apt. 184,Port Johnmouth,Mississippi,80599,6.316233,72.2213575
Gregory Pearson DVM,63,159 Ruth Manors Suite 205,Gainesmouth,Texas,21029,-160.458744,72.066843
Tina Chapman,52,2325 Sanchez Extension Apt. 745,East Morganstad,West Virginia,23598,34.486012,78.298143
Eric Wright,36,853 Carrie Extensions,Lake Eddie,Massachusetts,07654,-43.812116,-25.666673
Barbara Carter,32,26552 Rodriguez Road Suite 927,Weaverhaven,Michigan,14388,123.317277,-62.495943
Chelsea Francis,29,4519 Bishop Radial,Davidchester,Utah,75092,70.577805,25.6590015
Clinton Wilson,22,44467 Hopkins Curve Apt. 590,South Brett,Alaska,75456,168.679961,-63.265452
Carmen Brown,42,14165 Singh Plaza Apt. 201,Greenview,Nebraska,45768,-119.645681,79.7150785
Justin Le,35,55529 Vincent Inlet Suite 332,Taylorport,Indiana,61756,7.448092,54.4304415
Tina Wagner,66,788 David Heights Suite 989,Port Felicia,Alabama,25026,-46.710980,-82.4743975
Jessica Mcknight,32,3000 Young Inlet Apt. 630,Kellyview,Delaware,64632,-103.099952,39.339683
Breanna Clements,54,3466 James Brooks Suite 425,West Timothy,Hawaii,78013,170.167061,-53.6477785
Raymond Dixon,54,572 Evans Brook Suite 671,Timothytown,Michigan,98136,-152.882347,-43.2330905
Justin Marshall,79,15423 Jason Divide Apt. 274,Kellybury,New York,71921,-148.048915,89.050369
Melissa Keller,33,4812 Sims Track,Beckermouth,Missouri,56266,-152.517083,3.733572
Patricia Cain,78,6640 Zachary Burg,Charleshaven,Vermont,27383,-53.127964,-66.6112125
Barbara White,78,239 Ortiz Cove,Wilsonport,Idaho,88873,50.856425,37.724652
Jason Wallace,75,90804 Ariel Summit,Riveramouth,Iowa,68819,106.020770,12.0660035
Tiffany Travis,73,28780 Diaz Pike Apt. 888,Jesseshire,Kentucky,45605,23.912968,87.036178
Dylan Peterson,66,1865 Smith Port,Jenniferview,Iowa,98103,-27.978647,-0.318532
Eric Cruz,63,14265 Sara Creek,New Daniel,Virginia,11430,-98.476346,87.6120025
Wesley Morgan DDS,30,5462 Samantha Turnpike,Hughesmouth,Kentucky,07861,46.620837,63.5399825
Patrick Smith,64,736 Reynolds Trail,West Taylor,Nebraska,42539,171.179332,38.9738695
Jacqueline Oneill,58,5957 Stuart Junction Suite 382,East Catherine,Kansas,91624,129.684440,12.1831755
Anthony Ashley,42,749 Gonzalez Lodge,Clarkstad,Indiana,70597,7.465524,-89.0505225
Christopher Townsend,37,168 Evans Rue Suite 685,Taylormouth,Rhode Island,69115,124.920332,44.2234065
Deanna Lee,73,5066 Hill Via Apt. 344,Smithland,Washington,83365,166.364775,38.986953
Kurt Miller,49,26625 Jones Bypass Suite 330,Nelsonshire,Utah,19827,87.769793,10.4685125
Jaime Hopkins,42,66262 Moreno Centers,New Amberchester,Illinois,33745,-115.847861,85.985805
Mrs. Janet Nelson,75,22872 Johnson Views,Mitchellborough,Minnesota,75746,-57.149087,5.2156695
Charlene Jackson,22,11031 Ellis Plaza Suite 355,Lake Mallory,Tennessee,78539,156.737652,-85.5017005
Shelly Johnson,27,22668 Ramirez Crossroad,Wrightview,North Dakota,31343,175.964477,-46.9693685
Stacy Deleon,80,7657 Page Track,New Sherriton,Mississippi,73844,-67.011722,-12.668158
Cory Bradford,43,529 Madison Stream Apt. 596,New Tamara,Wyoming,07712,-16.782087,-70.145742
Heather Bailey,77,56247 Hinton Springs Apt. 682,Danielfort,Nevada,30856,44.600771,-74.990922
Donald Smith,51,1497 Karen Passage Apt. 127,Craigview,Delaware,03905,-179.678685,-41.698459
Christina Jackson,61,4554 Gilbert Rest Apt. 138,Port Robert,Washington,03097,-158.732162,-53.737592
Martha Andrade,38,92147 Acosta Crossroad,North Annburgh,Texas,79210,-146.016784,-67.908343
Mrs. Daisy Fitzpatrick,25,843 Medina Station Suite 705,South Crystal,Delaware,92541,135.464857,64.0915055
Blake Jones,70,73355 Campos Radial Apt. 997,Port Wesleybury,Wyoming,57890,-147.767619,-73.769140
David Melendez,53,29656 Theresa Views,Lake Victoriaborough,Hawaii,90194,152.234621,-57.8411045
Andrea Page,38,197 Martinez Crossing,Berryberg,Ohio,16249,110.560194,-11.353906
Christina Sanchez,34,06505 Ian Ways Suite 155,Perezfurt,Arizona,41569,-126.801690,9.797251
Steve Myers,62,7863 Brianna Pass Apt. 099,Port Jessica,Utah,90423,124.987351,14.4417165
Michael Singh,54,6238 Johnson Locks,Port Melissa,Kansas,21652,136.155728,-82.513112
James Bradley,23,7012 Paul Cliff,Ashleyfurt,Louisiana,51129,-106.566883,50.4360125
Justin Ward,51,60214 Jessica Haven Apt. 702,North Jon,Alabama,27827,119.851179,8.4664955
Theresa Ward,58,506 Juan Lodge,Dawsonfurt,Texas,91254,-28.470560,-33.588590
Steven Dunn,33,74370 York Squares,Dylanborough,Pennsylvania,34595,-130.555091,-15.072393
Kim Valentine,31,802 Ortiz Common,Caldwellport,California,56033,45.408061,47.0309685
Joe Santos,19,9238 Tonya Corners,Batesberg,Pennsylvania,40723,84.695149,27.674851
William Long,75,75634 Jennifer Trafficway,West Deborah,Wyoming,93503,-67.156116,-13.5269655
Michael Allen,36,254 Katherine Manor Suite 696,Burnsside,New York,37452,24.642211,-86.8146305
Kimberly Gardner,36,699 Campbell Course,West Melissaville,Arkansas,36434,-17.941919,-14.337163
Rodney Wright,76,18567 Lorraine Bridge,Turnershire,Mississippi,51026,-63.528596,-40.3604345
Pamela Reyes,23,3988 Smith Roads Suite 038,North Jessicashire,Alaska,30582,-147.239768,54.2950385
Robert Blankenship,50,4164 Tina Way,South Justin,Washington,29172,109.443206,48.812299
Andrea Harris,34,1044 David Junctions,Tonifort,New York,56248,-121.809857,38.443688
Bianca Gibbs,18,254 Parsons Corners,North Virginiaside,Pennsylvania,32699,-71.909405,-79.871620
Kristin Moran MD,69,8638 Ronald Vista,West Kellyshire,Massachusetts,23628,49.599549,-26.001368
Cassandra Mcbride,30,2989 Sandra Centers,South Robertmouth,Washington,78699,-65.733800,-47.1915105
John Smith,18,064 Burch Cliffs,West Brian,Colorado,96864,-153.911407,40.8800995
Richard Singh,58,141 Phelps Tunnel,New Cynthiamouth,West Virginia,66528,-141.140066,-60.5877095
Jane Bradley,46,3494 Simmons Meadow Apt. 357,New Rachel,Kansas,06352,114.638900,-63.8664135
Anthony Carpenter,40,500 Patricia Oval Suite 113,Port Chad,Pennsylvania,90065,104.324359,-1.9088825
Mark Rowland,23,20325 Horton Unions,Rogersshire,Oklahoma,73579,62.420894,-46.8454885
Diane Young,26,13539 Jennifer Bridge,Tracyhaven,Tennessee,12349,-117.407576,-15.2776775
Mark Reed,20,31104 Jason Station Apt. 079,New Michaelhaven,Florida,79456,-16.565044,-57.0508225
Michael Landry,22,16331 Jodi Gardens Suite 843,Catherineville,New Mexico,07412,-109.442839,21.3509955
Jesus Baker,42,6114 Hall Creek,Nicholashaven,Virginia,68096,143.943730,86.292789
Karla Schneider,55,892 Gibson Lane Apt. 970,West Kathleenberg,Hawaii,23585,-24.029513,40.8713115
Jason Ross,24,78770 Edward Loop,Lindseyfurt,Maine,18220,-98.659526,-59.4318235
Courtney Merritt,48,2537 Salinas Ways Suite 476,North Barbaraville,Ohio,86952,161.253366,-43.353656
Victoria Rose,57,79667 Troy Path Apt. 628,Leahmouth,Indiana,20274,-90.707843,-16.7406805
Renee Barnes,52,20763 Jennifer Stravenue Suite 257,Port Shelley,Utah,03338,-171.308611,45.0091815
Jeffery Palmer,69,15943 Brittany Hills,New Theresa,Indiana,51593,-178.471644,69.2356725
Matthew Ball,71,37211 Green Forest Apt. 238,West Jeffreyview,Kentucky,06530,-164.533121,-7.3792465
Angela Norman,58,00587 Wilson Isle,North Philipfort,Missouri,44805,-131.406767,37.3799605
Christina Wagner,64,43039 Katherine Square Apt. 849,East Dennismouth,North Carolina,83929,116.117124,26.911349
Shelley Ross,49,25785 Burns Hollow Apt. 053,Scottside,Alaska,48481,120.780341,-81.153709
Joyce Ryan,73,3682 Thomas Forest,Port Robinfort,Montana,89023,153.956342,36.266078
Justin Hall,62,3703 Golden Locks,South Sarahberg,Wyoming,82477,4.604490,-19.7183985
Brenda Hayes,18,592 Joshua Ranch,Jonathanland,Washington,46322,109.021465,-18.1307395
John Hamilton,30,20442 Bailey Street,Scottside,Arkansas,44976,-117.174052,82.110921
Doris Farmer,42,277 Thomas Hill Suite 362,Vanessamouth,New Jersey,16914,-0.164918,80.8992565
Victoria Montgomery,60,526 Teresa Burgs Apt. 947,New Tiffany,Wisconsin,43964,18.638074,17.8832995
Todd Waters,41,6483 Emily Vista,Valenzuelahaven,Delaware,73775,46.798244,80.990193
Ashley Cox,32,08475 Ryan Square Apt. 799,East Rachaelborough,Louisiana,40686,-25.145080,-48.8704435
Eric Sanchez,69,84390 Caldwell Locks Apt. 037,New Jason,Vermont,49043,60.456264,-81.708780
Mark Morris MD,20,142 Warner Highway Suite 091,Lake Michellestad,Missouri,31435,-100.637204,-77.2672695
Nathan Gibson,30,74852 Anthony Union,South Aaronshire,Alabama,43879,-131.469516,-67.3618005
Susan Wilkinson,56,81675 Smith Mills Suite 110,Lake Miguelburgh,Minnesota,79204,26.842279,-51.0335945
Erica Murphy,26,64169 Washington Ramp Apt. 126,Allenton,Arkansas,79956,114.766182,-26.580638
Elizabeth Chaney,32,78231 Kenneth Springs Suite 748,New Danielle,Colorado,71588,-169.201860,16.2220685
John Murray,79,74576 Vicki Crest,East Andrewborough,Ohio,03823,4.128412,-9.5607415
Scott Phillips,75,55723 David Trace,Alvarezfort,New Jersey,54204,-144.675638,-37.6047135
Jason Boone IV,68,184 Gomez Village,Tonyaview,Nevada,96170,-47.463439,-50.341694
Jessica Lopez,42,41711 Martinez Forges Suite 910,West Crystalmouth,Georgia,69405,91.502040,-68.712852
Patrick Palmer,39,169 Maria Ways Apt. 509,Ryantown,Colorado,44762,-86.203667,-34.8136055
Keith Garcia,22,5099 Nicholas Ville Apt. 700,Lake Rebecca,Illinois,00847,107.258138,-82.758436
Ryan Hodges,37,16284 Matthew Port,Evansbury,Alaska,26854,-176.220385,25.644726
Alejandro Woods,41,3740 Brittany Cape,Hochester,New Jersey,17517,145.658481,67.5540425
Jeffrey Solomon,70,37607 Johnston Shores Apt. 518,Jonesberg,Wisconsin,53498,149.503257,-28.5337555
Daniel Henderson,75,55464 Carey Ranch Apt. 759,Port Scott,Vermont,22251,177.341961,-64.559142
Laura Peters,49,236 Novak Radial,West Robertfort,New York,96400,18.859629,-7.306690
Daniel Johnson DDS,41,388 Dalton Ways Suite 924,Rodriguezfurt,Washington,38075,60.716136,45.5822385
Rachael Harris,24,348 Casey Falls Apt. 024,Port Scottfort,Texas,57751,-38.788499,-85.7396155
Tina Berry,75,281 Garrett Highway,Port Mirandatown,Arkansas,92956,20.546362,74.837251
Amy Castro,43,316 Garcia Junctions,East Meghanshire,Indiana,89834,123.537902,-82.368812
Felicia Peck,19,65986 Blake Cove Apt. 746,Port Patrick,Hawaii,48299,120.090698,5.928257
Tracy Spencer,53,74200 Smith Pines Apt. 892,Ryanburgh,Missouri,32957,56.688018,37.6148715
Mark Smith,77,198 Laura Harbors,South Kristastad,Indiana,26878,79.383926,38.388570
Allen Lewis,65,319 David Trail,East Benjaminmouth,California,58632,-37.813849,-55.734315
Christine Walker,31,418 Ruiz Canyon,Valdezborough,Utah,39422,150.525209,-79.9593155
Stacy Hunter,72,802 Huerta Roads,East Cristian,Louisiana,97067,-101.389055,-4.5518335
John Kirk,51,845 Maria Freeway,New Kathleenfurt,Arkansas,25809,-122.015931,10.792619
Luis Sparks,60,774 Sarah Rue Suite 213,Claymouth,California,26150,48.224295,-84.839357
Sara Edwards,57,7690 Roman Canyon Apt. 756,Kaitlynchester,Florida,53066,-74.714177,-65.938836
Courtney Mathews,32,02816 Fleming Vista,New Christineland,Mississippi,56912,-164.014750,24.3936605
Diana Peterson,68,063 Francis Forge,North Oscar,New Mexico,48498,39.433714,8.650552
Terry Monroe,69,983 Cruz Courts,Williamstown,Delaware,49278,63.233090,-20.647927
Natalie Pearson,31,4614 Shepard Park Suite 122,Lake Thomas,Michigan,54399,-59.505951,-46.792324
David Delgado,80,675 Steven Neck,Josephland,Washington,83556,-88.920681,21.700554
Ashley Goodman,80,2838 Patrick Burg,New Denise,Alaska,02285,68.524200,-26.1142585
Donna Rush,50,681 Wesley Bypass,Andersonview,Nevada,72604,70.626732,-43.6261815
Joshua Smith,42,100 Kevin Mountains,West Crystal,South Carolina,94870,-107.751624,-3.344137
Amanda Lewis,46,168 Donna Isle,Donnamouth,Arkansas,71489,-93.302661,38.1657845
Robert Smith,68,617 Gill Mills,Sarahstad,Missouri,80412,-47.093613,47.514119
Michael Hendricks,59,999 Joseph Mountains,East Davidhaven,Delaware,34189,-96.613619,47.288830
Casey Hernandez,29,12866 Lauren Crescent,New Alexander,Louisiana,32566,-150.223987,-66.232850
Cameron Weaver,22,18852 Richard Fall,Shawnfurt,Utah,72368,12.523244,68.503845
Toni Macdonald,28,847 Moran Ramp,Moralesfort,Alaska,33640,-16.104199,-8.011726
Joshua Daugherty,35,4951 Hartman Rapids,Freemantown,Delaware,36223,113.067634,18.2729535
Randy Jones,38,56144 Zoe Pines Apt. 718,East Brittney,Ohio,83708,-106.030333,59.885027
Amanda Nelson,78,6056 Kelly Court Apt. 485,Port Michelleside,New York,16820,8.533383,15.1838605
Jessica Rodriguez,54,820 Mills Lights Apt. 237,Mooreview,Nebraska,28067,-149.095901,19.379850
Brett Taylor,53,053 Bryan Trafficway,New Erikaport,Arizona,16091,126.934802,-35.486211
Michelle James,21,536 Chandler Courts,New Isaac,Indiana,83969,-162.690539,78.097981
Juan Lopez,72,07708 Navarro Circles,Christopherfurt,Washington,81056,99.493380,48.712123
Sarah Benson,20,441 Brian Spring Suite 122,South Rebeccaport,Massachusetts,58011,-116.903832,22.679697
Rebecca Parker,65,706 George Spur Suite 620,Aprilfurt,Nebraska,27412,175.029761,20.493527
Linda Cox,40,00160 Olson Crossing Suite 356,East Eric,Maryland,18436,148.652341,-25.316463
Timothy Martin,67,6324 Farrell Rapids Apt. 347,Adamshaven,Connecticut,21963,-143.457800,37.1693225
Robert Boyle,75,501 Moore Dale Apt. 458,Kellyview,North Carolina,85458,3.103368,-8.823983
Joshua Phillips,50,1007 Hall Ville Apt. 804,Michaelfort,Michigan,47410,14.328108,-78.9779685
Betty Hall,64,384 Smith Dam,Lake Denisefurt,Maryland,96439,30.285298,63.3861695
Kelly Oconnell,54,190 Lisa Crescent Apt. 891,Owensport,New Jersey,21434,23.350438,-43.871534
Andrew Stokes,58,992 Ronald Terrace Suite 095,Lake Jacob,Wisconsin,50128,-53.009496,46.5731855
Cathy Duncan,61,608 Rodgers Burgs,East Anntown,Illinois,52934,-154.312218,-65.887414
Danny Rodriguez,30,815 Roger Mews Suite 053,Sandersmouth,Wyoming,43290,-55.998299,86.0154425
Travis Stevenson,53,37749 Nelson Bridge,Javierview,Tennessee,80423,156.912567,58.6545075
Kristin Webb,29,134 Benson Flats,North Kathrynfort,Indiana,15830,100.008077,36.310260
Jacqueline Jennings,29,33769 Harvey Forge,East Daniel,Alabama,20687,12.247527,67.881877
Christian Bray,31,2345 Williams Hills,South Sarah,Massachusetts,24775,2.814380,-13.355527
Miranda Clark,69,091 Bennett Parks,Alvarezstad,Vermont,05647,139.358764,23.586899
Judith Owens,34,509 Miller Key Suite 899,Rebeccabury,Tennessee,96214,54.253428,-20.900820
Rebecca Huff,57,8532 Jones Knoll,Jessicaside,New Jersey,16943,-160.153934,39.1982255
Michael Rodriguez DVM,50,73747 Sandoval Mission,South Stephanie,New Jersey,38661,-147.219265,82.2999305
Michael Newton,44,41571 Hannah Terrace Suite 513,New Jeremymouth,Colorado,57967,-37.240149,-11.864495
Kimberly Atkins,25,190 Daniel Pass Apt. 640,Adamfurt,Missouri,09590,-105.737817,-37.660836
Gerald Graham,43,108 Duffy Knoll Suite 904,West Josephborough,Nebraska,49310,-1.404177,-28.6588525
Julie Ramos,75,0417 Joseph Camp Suite 434,Kathrynburgh,South Carolina,92210,112.672988,-0.6744035
Dustin Barnett,59,47359 Ronald Squares Apt. 257,Fostershire,Nebraska,93150,153.404271,39.6492685
Catherine Grimes,63,45969 Salazar Terrace,Millerton,Massachusetts,14889,-134.930709,89.2529645
Mr. Billy Davis,38,561 Mcintosh Well Apt. 115,Longville,California,05239,-134.016982,68.420980
Jennifer Perry,52,02269 Sanchez Extension Suite 910,East Aaronberg,North Dakota,54534,118.022056,-55.2973085
Christian Patel,35,472 Roger Plain,Kyleborough,Connecticut,16003,164.306527,60.614194
Jeff Orozco,68,86037 Robert Mews,East Michaelmouth,Minnesota,98494,-16.363897,38.8275245
Jason Drake,49,44727 James Valleys Suite 578,Lake Russell,Iowa,17327,116.045015,7.3158095
John Rhodes,56,4852 Bonilla Corners Apt. 013,Port Michaelland,Iowa,06608,-155.639177,23.519497
Caitlin Coleman,79,3936 Rebecca Mountain Apt. 907,Lindaport,South Carolina,14620,-106.428298,4.719393
Brandon Gordon,36,48569 Morgan Islands,South Edward,Utah,49915,148.057062,-77.464273
Patricia Carter,62,9429 Christopher Crest Suite 857,North Amanda,Delaware,00985,-5.950754,-36.5830695
Jose Fleming,66,0037 James Gateway,Robinsonhaven,Hawaii,79312,17.760551,66.1231455
Daniel Horton,70,654 Williams Greens Suite 152,North Catherine,Tennessee,05072,104.855370,49.0147335
Cindy Richards,48,5081 David Corners,South Patricia,Nevada,83358,-63.762122,13.9347025
Laurie Walker,70,06484 Gross Manor Apt. 570,Leahfurt,Michigan,03277,-146.383985,-63.2438465
Raymond Collins,56,60555 Jason Lights,New Gerald,West Virginia,93933,-20.149939,-64.621727
Stephen Steele,62,4229 Stevens Radial Suite 175,Padillatown,New Jersey,42191,-5.625676,-76.9204165
John Ball,50,44994 Sheila Corners Suite 966,East Katieland,Montana,64065,-174.923162,-11.987764
Kyle Huffman,43,9824 Houston Underpass,Huynhbury,Kansas,51721,78.206337,61.5026375
Jessica Hughes,72,15347 Hoffman Camp Suite 544,Matthewborough,Rhode Island,18011,-102.520038,73.7325125
Eddie West,54,3429 Justin Falls Apt. 652,Port Ryan,Minnesota,09562,85.942787,-84.3209575
David Parker,79,186 Collier Motorway Apt. 015,Josephstad,Illinois,75233,-171.000726,-29.1588475
Justin Fox,31,361 Long Ports,Christopherberg,Wisconsin,19959,-148.263993,-46.659442
Crystal Jackson,27,9858 Aaron Flats Suite 338,South Robert,Nebraska,24969,-62.398840,59.0113395
Matthew Mcdonald,25,64301 Taylor Mall,Griffithburgh,North Dakota,39510,166.289337,-81.0276325
Jessica Dawson,48,1648 Eric Trafficway Apt. 745,South Troyberg,Montana,11202,-78.429460,-0.328741
Elizabeth Hess,71,400 Martinez Pike,Port Jenniferview,Iowa,80208,-173.030696,-22.458689
Jack Thompson,28,29634 Melissa Crest Suite 087,Matthewside,Kansas,00909,170.827707,73.622121
Miss Karen Mitchell,50,5108 Harper Stravenue Apt. 198,Port Jenniferton,Illinois,22321,110.313824,80.404464
Samantha Shaffer,45,31790 Patricia Gardens,Port Sherri,New Jersey,48461,42.060023,46.996233
Cheryl Garcia,65,216 Boone Vista,South Saraside,Illinois,78348,120.524535,16.073244
Jessica Sanchez,55,895 Kim Mission Apt. 605,Matthewville,West Virginia,84119,-65.057182,28.679476
Gary Harmon,41,331 Evans Inlet Apt. 951,Port Joshuaburgh,Ohio,77052,-22.638181,79.1475095
Patrick Boone,76,51904 William Turnpike Apt. 714,Robertland,Nevada,41214,69.283987,31.8057435
Cynthia Haley,54,8191 Baker Glens,Angelaburgh,Wisconsin,63676,-30.592172,-45.600324
Ashley Clark,40,156 Marie Islands Suite 440,Geraldport,New York,16093,-178.468260,8.1583905
Heather Greene,37,8844 Kayla Burg,New Katelynview,California,42348,30.575142,-3.3791135
Christine Henry,65,47870 Davis Tunnel Suite 549,New Charles,Tennessee,05034,105.152856,60.929873
Matthew Jones,76,09537 Diana Field Apt. 579,Padillashire,Delaware,50723,-142.689181,-33.3683205
Dustin Smith,46,0103 David Lock,Robinsonview,Washington,63971,-126.307596,60.970229
Jason Jackson,72,3085 Patterson Gateway Apt. 239,New Scottchester,Nebraska,62657,90.983793,-29.8216695
David Fisher,32,37458 Wright Crescent Suite 176,Alisonfort,Illinois,42045,-10.425828,-31.559670
Jill Gonzalez,39,68132 Matthew Shores,Amandabury,Mississippi,60446,173.552144,78.8862025
Maria Blanchard,54,01517 Matthew Glens Apt. 853,West Maria,Hawaii,37657,-99.103309,82.258753
Madison Reynolds,23,3304 Robert Bridge Apt. 065,East Sabrina,Maryland,78472,123.161151,-35.9577885
Alexander West,80,494 John Wells,Robertston,Missouri,10754,-100.978355,-69.6026345
Jonathan Morrow,53,1165 Fowler Pines Suite 180,Brianfurt,Iowa,94620,-78.004896,-59.535513
Richard Rodriguez,20,4378 Alexandra Ridge,Glovershire,Mississippi,03768,-151.832523,0.943371
Jason Lopez,33,9781 Hoover Via,East Andrewmouth,Rhode Island,83468,64.942262,80.9981995
Victoria Lee,54,358 Kathryn Causeway Apt. 430,Marychester,Idaho,21714,-138.961800,11.2632145
Ashley Gonzalez,49,7615 David River,Andreaberg,Iowa,01198,25.106905,-42.9269715
Ryan Smith III,25,65811 Elizabeth Lane,Poolemouth,Massachusetts,72235,-93.508609,56.9546575
Mr. David Tucker DDS,32,2582 Michelle Garden,Davistown,Tennessee,24617,111.947851,20.837588
Jennifer Coleman,37,14571 Gonzalez Coves Suite 499,Johnhaven,Nebraska,04456,-20.357447,48.096096
Valerie Russo,66,07567 Garrett Alley,Hunterport,Alaska,73537,-32.494957,-44.002572
Alicia Moore,26,4278 Charles Garden Suite 718,West Adamshire,New Hampshire,49254,-110.970742,-18.7274765
Chad Phillips,48,42830 Andre Stream,New John,Texas,31286,-161.569629,26.5396685
Mark Osborne,25,7293 Avery Ridges,South Courtney,Wisconsin,96119,43.799378,47.8641595
Tracey Davis,49,3514 Yolanda Mews Suite 879,Williamhaven,Missouri,99555,48.883681,8.910642
Peggy Montoya,48,45069 Christopher Course Suite 499,Jamestown,Arkansas,08453,-35.375285,-54.1967645
Rita Hayes,31,197 Padilla Garden Suite 411,West Ariel,Georgia,66460,88.227000,18.664889
Meghan Smith,52,3450 Thomas Parkways Suite 120,South Kimberlyfurt,Maryland,68869,-113.494684,52.4112865
Xavier King,58,64026 Clark Mills,Jessicatown,Utah,53961,-50.825777,60.7361575
Amanda Aguilar,73,183 Joshua Meadows Suite 854,Lake Markside,Hawaii,20167,-101.309980,-51.9342915
Mary Smith,73,5178 Bryant Port Suite 518,Kennedybury,Tennessee,34447,147.472778,73.218214
David Tyler,54,349 Schneider Loaf,New Melanie,Illinois,90855,104.682061,-82.487902
Brittany Contreras,44,97276 Michelle Mission,Wilsonside,New Mexico,89045,-108.399486,87.090876
Olivia Stout,63,935 Justin Meadow Apt. 895,North Robertport,Illinois,99051,125.959896,-87.605270
Melinda Watkins,18,96531 White Ramp Suite 169,East Edwardburgh,North Carolina,49717,-22.020106,21.805368
Colleen Bailey,36,763 Lewis Road Suite 081,Port Thomas,New York,41121,106.657613,56.5140675
Christopher Johnson,43,4731 Wright Harbors Suite 438,Kennethstad,Montana,62754,-154.012611,37.098735
Heather Garcia,29,21799 William Mission Apt. 647,West Christinachester,Iowa,53289,-21.273584,22.132512
Matthew Reeves,18,8679 James Pines,North Georgemouth,Kansas,07607,64.910294,-37.507102
Thomas Leonard,39,64762 Lee Parkway,New Michael,New Jersey,67102,131.056343,50.322880
Chad Hernandez,44,0125 Kevin Mountains Apt. 855,Williamchester,New York,48377,48.088828,-36.7721275
Stephanie Norman,62,13027 Hernandez Estates,South Richard,Arizona,09778,36.211287,79.3781575
James Shaw,54,542 Tammy Fords Suite 869,West Steven,Illinois,39579,125.967750,-21.168517
Monique Shea DDS,57,758 Jason Points Suite 339,Dorothychester,Wisconsin,39649,-6.971380,32.646939
Sara Clark DDS,66,91197 Lopez Green,Mariaside,North Dakota,28939,56.006248,40.4798235
Brandi Reeves,18,3792 Parker Pass Suite 229,West Michelleshire,Wisconsin,05035,163.719701,-4.5703775
Margaret Wells,36,357 Sharon Freeway,Garrettside,Kansas,93231,-83.394336,60.152807
Derek Lambert,52,53258 Kristen Stravenue,West Michael,Missouri,69407,-20.637859,22.9094075
Sarah Lewis,66,32233 Carl Extension,Simonmouth,New Hampshire,74211,72.795637,-79.4271565
Randall Hunter,48,340 Schmidt Throughway,Tonyastad,Nebraska,99703,149.407142,-79.6640355
Katrina Barnett,73,4591 Briggs Trail Suite 994,Sotoberg,Indiana,16555,12.610746,-84.2277525
Megan Hill,32,06400 Solomon Turnpike,Oconnellstad,Rhode Island,26702,-58.122890,-40.6823675
Stephanie Davis,23,130 Sharon Ridges,Jacksonport,South Carolina,55306,110.752995,23.730758
Paul Johnson,78,61838 Melvin Bridge Apt. 536,South Debrachester,South Carolina,43152,-149.783468,38.0675305
Rachel Delacruz,45,432 Deborah Bridge,Ricetown,Louisiana,12095,-87.246074,62.4315565
David Roach,74,242 Flynn Island,Port Janet,New Hampshire,40422,-122.432147,-13.948013
Audrey Smith,68,4527 Wagner Roads,South Rhondastad,Oregon,88904,62.309914,-69.734723
Laurie Webb,46,83823 Miller Path,Douglasmouth,Nebraska,05021,36.984627,-86.972676
Seth Bailey,22,78905 Sloan Crossroad,Sloanmouth,California,63035,7.617336,-19.609561
Mikayla Guerra,55,30229 Walter Skyway Apt. 105,Taylorside,Arkansas,05767,-30.323135,70.3628395
Mary Farley,37,5182 Juan Mountains Apt. 958,Port Frederick,Alaska,91010,-14.830911,-45.8613055
Jeffrey Black,46,099 Henry Loop,Dickersonshire,Delaware,67984,97.043543,4.092713
Ralph Wong,27,294 Jessica Knoll,South Deniseburgh,South Carolina,95320,15.735904,21.669126
Tammy Choi,60,7372 Whitehead Villages Suite 547,South Codyburgh,South Carolina,17321,24.183997,-43.744028
Karen Taylor,65,35219 Scott Fords,Bradleymouth,Florida,80184,-16.678704,66.9865155
Dr. Ryan Hammond,64,31180 Jason Alley Apt. 181,Reevesberg,Vermont,49481,60.676565,65.079194
Michael Schmidt,65,98598 Nicholas Stravenue,Parkerfort,Montana,60181,48.111790,-78.8189885
Mary Ford,50,8805 Foster Grove,North Jacqueline,Kansas,76158,-139.630230,-89.3423785
Amber Kelley,65,0114 James Lights,Michaeltown,Tennessee,32666,34.408350,-15.2942445
Donald Mcclain,20,68329 Pedro Canyon,Jamesview,Louisiana,38990,-66.527566,-75.2019815
Ashley Rhodes,23,8755 Clark Locks Apt. 887,South Baileyport,Hawaii,62192,-53.673833,-47.8869685
Joseph Floyd,68,991 Susan Burg,Manuelmouth,North Dakota,54073,55.141854,-69.060063
Courtney Myers,18,0916 Thompson Cove Suite 153,Schmidtstad,Rhode Island,88746,-125.008401,-46.2439335
Jennifer Morton,26,9853 Amy Rapid,Lake Melody,Ohio,98454,-8.152273,-76.5633805
Jeremy Glover,34,58018 Stephens View Apt. 871,Robinsonmouth,Indiana,37270,-152.549117,35.4659595
Lynn Evans,68,255 Elizabeth Canyon Apt. 737,Wagnerton,Indiana,90102,-141.682465,-21.6459025
Alejandra Ochoa,31,23670 Brooks Centers Suite 450,Port Diamond,Oregon,90817,60.450194,-14.153016
Ashley Schultz,25,223 Robert Centers Suite 531,Lake Joseph,Colorado,65652,-6.354105,47.703031
Jeff King,36,1952 Crystal Hills Apt. 976,Kevinstad,Minnesota,09467,12.909124,76.113863
Paul Mendez,22,68816 Jimmy Isle Apt. 887,East Davidshire,New York,68172,56.260565,67.698304
Sarah Mosley,44,1729 Kelly Lights,Lake Allen,Hawaii,26465,-123.788309,32.936438
Joy Barrett,69,5119 William Lock,Port Derek,Rhode Island,56439,160.045227,76.1816105
Jessica Duncan,32,88483 David Shores Suite 922,Jillbury,Idaho,06820,-43.678852,26.1740855
Angela Valdez,43,9149 Sullivan Pike Apt. 578,Richardshire,Indiana,46723,147.060908,-64.178179
Jessica White,68,318 Ward Views Apt. 314,Kennedyville,Illinois,11993,46.775929,66.738214
Christina Turner,55,53144 Jessica Extensions Suite 355,Meyerfort,Pennsylvania,03576,31.421053,87.7630895
Carrie Warner,30,15195 Castro Brooks Apt. 297,West Tonyfurt,Montana,37425,-31.874412,-51.640992
Richard Bradford,40,920 Rollins Union Apt. 981,South Jonathanstad,South Dakota,80984,61.099470,12.7474255
Shawn Jackson,69,564 Sawyer Forest Apt. 298,Lake Anthony,Iowa,81531,145.733792,-78.199956
Daniel Reyes,37,86708 Castillo Extension Suite 585,Port Haleyfurt,Vermont,28729,-131.572313,67.821938
Joshua Campbell,26,883 Breanna View Apt. 512,Leahborough,Virginia,72664,82.377337,-36.3177175
James Liu,69,614 Samuel Trail Suite 862,Lake Ashleyfurt,Vermont,67061,61.931311,8.788133
Maria Williamson,39,84591 Summer Port,South Natalie,Wisconsin,86838,-47.838519,44.618863
Brian Perez,25,0468 Malone Haven,Michellefort,Delaware,42215,47.565539,34.791886
Erica Wright,52,59366 Matthew Ferry,North Michaelland,Arizona,14615,-20.382470,53.5906345
Jennifer Turner,69,9091 Pamela Highway,Port Kellymouth,New Jersey,87490,-44.034325,-57.023432
Kimberly Reed,59,79813 Johnson Pine,West Kathleen,Iowa,57935,63.859180,-29.5979985
Melissa Jones,65,7050 Dawn Mall,East Elizabethland,South Carolina,28693,170.101432,-85.0571775
Wesley Bradley,63,29444 Collins Locks Suite 994,Stevenville,North Carolina,96092,-28.219214,44.650000
Benjamin Mcgee,54,873 Robinson Spring Suite 191,Longville,Nebraska,98899,-88.116638,39.111130
James White,21,48138 Peter Square Suite 726,Elizabethton,Washington,64361,151.502827,-81.195880
Paul Wilson,72,6321 Lucas Parkway Suite 875,New Laura,Mississippi,48762,109.464972,2.6886215
Allison Bass,73,732 Evans Vista Suite 100,Morenostad,Mississippi,49538,-47.315557,70.7217175
Grace Hall,26,5902 Scott Glens,Lake Johnshire,Montana,15496,9.780841,-32.128125
Michael Wallace,51,587 Tony Burg Apt. 696,Lake Morgan,Texas,05177,-56.438183,-76.162957
Daniel Walters,61,121 Collins Terrace,Joshuachester,Kentucky,41282,57.138516,88.508842
Janet Myers,65,653 Anderson Ridge Suite 909,Schaeferchester,New Hampshire,25137,24.875874,20.897150
Robert Williams,71,196 Andrew Skyway,Jasonfort,Florida,52514,173.810308,-3.3124475
Brittany Lee,22,7358 Eric Heights Suite 767,West Williamchester,Utah,37695,60.136094,56.450602
Edward Montgomery,49,509 Adam Oval Apt. 507,Solomonhaven,Louisiana,53441,96.334076,-74.4203935
Katelyn Higgins,67,1664 Diana Street Suite 565,Simpsonhaven,Kansas,04143,-160.578332,-73.417566
Jason Gonzalez,33,976 Linda Gateway,New Kennethbury,Nebraska,84590,74.355888,-82.7904875
Jamie Navarro,35,823 Summer Wells Apt. 522,East Timothymouth,Utah,75105,-150.805763,28.9407155
Theresa Harper,66,531 Garcia Highway,Port Sheena,California,68969,72.197919,-60.6447305
Sara Shelton,61,113 Maria Cliffs Suite 502,Dustinburgh,South Dakota,38738,-43.537198,73.8564035
Carolyn Rodriguez,33,71864 Allen Canyon Suite 358,East Josestad,Louisiana,38996,-107.663569,-64.249777
Joseph Jordan,78,2006 Katherine Extension,Markmouth,Nevada,88725,-140.241363,33.995221
Edward Bentley,38,8624 Karen Union,Lisaland,Idaho,91180,141.092320,-28.639242
James Anderson,35,6518 Renee Well,Medinabury,Vermont,95345,48.361303,72.535737
Ashlee Gonzalez,35,370 Rebecca Garden Apt. 941,New Deborah,Rhode Island,66546,57.419810,2.596116
Kimberly Montgomery,60,048 Joshua Street,Port Michael,Maine,03902,167.847574,44.2138445
Eric Garcia,42,41638 Conrad Pass,Nelsonbury,Wyoming,43560,-95.159809,-88.5428895
Darren Miranda,22,999 Daniel Locks Suite 146,Carriehaven,Nebraska,67284,130.850353,-86.3653925
Keith Williams,18,009 Briana Village Apt. 532,Dorisfort,South Carolina,63759,20.925946,45.3866925
Robert Sawyer,41,96601 Ortiz Divide Apt. 956,Allenside,Kentucky,53344,127.824543,-83.1523335
Joshua Collins,38,469 Spencer Gateway Suite 193,Valenciachester,Delaware,69132,-17.767819,23.0646315
Michael King,68,27271 Fuller Street Apt. 892,East Michaelmouth,Indiana,63298,-150.662334,-11.2806195
Cindy Harris,69,02564 Rebecca Centers Apt. 855,Chavezhaven,Arizona,56350,160.414331,72.623172
Christian Kramer,35,6398 Eric Road Suite 872,Wallerland,Washington,60011,-148.580148,4.4190545
Patricia Barton,76,31535 Edwards Causeway,New Heathershire,New York,82407,44.932361,-86.088903
Susan Calhoun,54,24730 Connie Village Apt. 997,Riveraport,Maryland,79414,1.694598,47.194215
Lee Osborn,55,10816 Nicholas Roads Suite 776,Davidchester,Idaho,42773,-100.561989,68.854212
Dr. Dawn Carter DDS,18,1206 Daniel Estate,Markborough,Iowa,78598,135.455810,69.022478
Malik Perkins,49,243 Lindsay Center Apt. 050,Lake Keith,Washington,94790,158.334554,-65.9403175
Sierra Brown,30,96792 Philip Walk,West Theresa,Indiana,71477,-70.216713,-11.4738445
Randy Jones,60,54754 James Station,Robertfort,New York,57528,60.012875,42.6181565
Gary Richmond,49,7573 Collins Streets,Brittneyland,Wyoming,70208,124.363137,53.332623
Jill Shea,56,0602 Dean Trace,Rayburgh,New Hampshire,92232,74.730846,81.379249
Patricia Kaiser,33,482 Villanueva Trail,Port Nathan,Arkansas,20402,-172.072723,-52.888709
Stephen Saunders,79,669 Wells Trail Suite 606,West Jason,Michigan,06086,171.462344,-8.3682995
Victoria Huber,19,95739 Diana Valley Suite 973,West Stephen,Idaho,39491,106.537589,-38.4023155
Amber Johnson,77,160 Carrie Row,Jonathanville,California,80255,-64.647913,82.158736
Steve Taylor,69,9291 Ford Locks,Lake Emilyhaven,Washington,77100,-8.204972,55.4019805
Charles Walters,22,33477 Elizabeth Bypass Apt. 699,Wardview,Virginia,59582,32.426667,31.2284635
Stacie Walker,60,912 Donaldson Land Apt. 964,Juliehaven,Nevada,28494,-173.973784,-49.438222
Clayton Lee,56,2179 Crystal Springs,Perkinsmouth,Delaware,31339,-127.561417,-33.3630625
Danielle Shaw,69,73739 Chambers Ramp Apt. 839,Staceymouth,Indiana,30703,-98.932341,-8.576337
Dawn Phillips DDS,30,120 Alicia Curve,Christopherstad,Indiana,33838,-19.112051,21.544661
Tracie Wilson,35,4098 Boyd Station,East Melissahaven,Virginia,05554,-122.812745,21.3641615
Paige Ramirez,42,636 Valencia View,South Allen,Kentucky,48557,153.619731,4.2909705
James Donaldson,58,15432 Miller Tunnel,Pottsberg,Arkansas,58965,167.026378,-20.2058365
Andrew Medina,31,9569 Lisa Roads,New Feliciaside,Maryland,48868,34.494082,29.8481355
Teresa Bush DVM,74,669 Howard Fork Apt. 228,New Elizabethburgh,California,85448,70.098344,63.096190
Stephanie Anderson,42,54687 Brittany Cove,Jefferyfurt,Maryland,43450,16.322687,16.046274
Richard Rhodes,28,0704 Chad Inlet Suite 992,Patrickburgh,Florida,89083,74.350273,-57.162876
Patrick Norman,52,64165 Benjamin Station Apt. 657,Fitzgeraldhaven,Missouri,40413,159.627768,62.3378355
Rebecca Wiggins,61,78904 James Vista,Savannahland,Massachusetts,79905,13.620625,-66.690004
Tony Beltran,70,58609 Randall Divide,Port Hollyfurt,Connecticut,91894,-33.043170,-37.7851605
Madeline Anthony,52,03696 Barnett Lake Apt. 155,North Kaitlyn,New Jersey,59823,-177.169646,69.0151675
James Johnson,72,40550 Alvarez Isle,Jeffersonhaven,Kentucky,34063,179.763529,46.5105505
Gregory Davis,79,7272 Kathryn Island Suite 252,North Josephburgh,Maryland,29902,-112.394938,2.8423885
William Miller,61,2845 Carolyn Plaza,Arroyofort,South Carolina,39380,-146.909244,-83.944404
Stacey Walton,73,0208 Shawn Walks,South Bradley,Wyoming,24016,-33.037973,88.6538125
Susan Jackson,30,147 Matthew Drives Suite 162,West Melissaborough,Delaware,39709,172.774522,52.0174415
Jennifer Montoya,43,9593 Knight Extension,Brittneyton,South Carolina,07610,-57.961587,-15.0691845
Diane Sloan,18,745 Barrett Inlet Suite 004,Mcdowellberg,Vermont,66303,163.710040,-77.0029425
Kathy Villanueva,43,1610 Mitchell Point Suite 328,Hinesbury,New Jersey,11488,2.216154,2.419400
April Parks,18,3166 Waller Wall Suite 736,East Samuelhaven,West Virginia,18727,-137.549147,-16.487876
Brian Johnston,79,67682 Jones Lodge,Paulchester,Oklahoma,89941,90.125405,68.532099
Dale Weaver,49,2771 Martin Highway Suite 041,Brendachester,North Carolina,58985,-135.902945,82.878958
Alyssa Ramos,72,1928 Norris Junctions Suite 575,North Shannon,Delaware,77042,-172.632914,61.3977125
Antonio Dickson,52,2608 Daugherty Glens,Edwardsbury,Wyoming,33617,-79.360369,-49.2892065
Cynthia Price,73,054 Martinez Extension Apt. 531,Angelastad,Alabama,29399,-96.367693,-34.850462
Allen Roberts,23,37410 Sean Green,Donnaburgh,Massachusetts,06763,31.578604,-43.359312
Mark Charles,62,71053 Lee Run,Brianastad,Maryland,33320,-14.596738,59.197122
Joshua Morgan,33,96920 Kevin Burgs,Robertland,Washington,44465,6.674224,64.166521
Erica Bush PhD,33,355 Roger Crossing,East Shawn,Massachusetts,75606,119.244194,-21.8834455
Angel Flores,64,71000 Raymond Meadows,Patrickstad,Arizona,09225,-36.278247,-18.129478
Dylan Murray,24,972 Nicholas Ranch Suite 757,West Anthony,Nevada,14981,-39.128556,18.6233275
Susan Galloway,39,5005 Juarez Curve,East Stephanie,Illinois,62807,-2.523849,-30.560012
Jessica Smith,68,134 Samantha Light Suite 396,Lake Codymouth,North Carolina,54018,-112.614651,-54.1304715
Ashley Harvey,72,650 Luna Shoals Suite 635,Port Tyler,Nevada,86137,-57.603908,-60.1611755
Richard Holmes,69,44254 Zamora Creek,Brandonmouth,Nevada,62369,-35.007324,85.669586
Michelle Gonzales,47,727 Bush Turnpike,Ortegahaven,Hawaii,98669,129.440222,-23.052543
Sandy Herman,47,886 Teresa Tunnel Apt. 095,Port Madelineport,Nebraska,61179,-102.508679,-67.292396
Russell Harrison,49,035 David Light Suite 908,Bryantbury,Rhode Island,25163,-112.043192,-88.4167275
Cassandra Gonzalez,59,944 Isaac Ports Suite 064,Port Jane,Texas,28711,55.890790,-0.590435
Joseph Scott,58,6861 Antonio Circle,Ianstad,Alaska,68197,-61.897238,-70.6043835
Susan Chapman,21,492 Tyler Port Suite 945,West Joshuachester,Kansas,14770,166.093516,7.6351825
Kelli Lee,65,7673 Lang Extension,New Brentbury,Arizona,37532,108.342398,11.974902
Donna Miller,28,82312 Matthew Ridge Suite 054,Hamiltonfurt,Maryland,20589,76.525241,-46.524903
Leonard Trujillo,37,88227 Kimberly Port,Port Beth,Georgia,32239,-165.811742,19.343024
Laura Jenkins,78,1201 Case Vista Suite 759,Sydneytown,Massachusetts,24537,136.413929,-79.584722
Keith Garcia,61,6331 Nunez Skyway Apt. 002,Englishshire,New Hampshire,15623,-127.909923,-39.028726
Anthony Rhodes,72,75442 Tran Harbor,West Tinafort,Georgia,13645,169.116659,1.9532665
Mary Montoya,26,63045 Thomas Vista Apt. 135,Port Toddport,Wisconsin,74080,-100.347278,65.953870
Jessica Fowler,22,65413 Kathryn Streets Suite 875,Sheltonborough,Illinois,96675,49.198299,-11.929968
Zachary Phillips,60,785 Lindsey Ramp Apt. 966,Yumouth,Nebraska,74064,-179.141781,-58.8249835
Eric Perez,21,18037 Baxter Overpass Suite 647,North Catherine,Arkansas,52215,-135.767931,-27.4698035
Alexandra Doyle,52,348 Jackson Bridge,Lynnview,Arizona,70207,114.199380,4.075741
Jennifer Taylor,35,1528 Tara Tunnel,Schroederland,North Carolina,05688,-171.014726,-28.313002
Jenna Smith,41,229 Nicole Light Apt. 985,West Crystalchester,Iowa,92525,-136.368818,32.422043
Pamela Anderson,59,92558 Bond Park,Gomezton,Delaware,57857,-85.408892,65.4190315
Stephanie Harris,64,7921 Lisa Isle,North Robert,North Carolina,49033,-22.964883,-15.9699615
Christopher Maldonado,37,013 Khan Streets Suite 504,Tylerburgh,Oregon,86675,0.011386,52.243742
Joshua Ryan,55,94464 Mann Flats,East Daniel,Maine,28796,-75.133963,-14.848523
Donna Becker,66,49980 Foster Stream,Jonathanbury,Alabama,72285,-145.967001,13.804257
Stephanie Burns,64,152 Timothy Summit Apt. 176,Jillborough,Maryland,41607,-47.108408,-41.610631
Scott Lee,29,1475 Baker Ramp,Lake Michaelport,Utah,38637,-22.103348,39.5256115
Michael Smith,24,68937 Smith Ville,Markview,South Carolina,29530,116.359525,-63.5310885
Jonathan Lopez,35,618 Joseph Ville Apt. 359,South Cody,South Dakota,15976,10.465804,-0.747339
Darryl Harris,26,69713 Jason Points Apt. 410,Jasonborough,Nebraska,22499,120.607560,2.483910
Sierra Barton,34,58485 John Ramp Apt. 647,Lake Paula,New York,51938,47.466729,66.422236
Brian Ford DDS,21,14352 Bailey Ports,Paulastad,Rhode Island,32763,110.018765,50.594831
John Gutierrez,28,4841 Vincent Roads,Donaldbury,South Dakota,24339,135.328916,-32.7248765
Tammy Yoder,42,63243 Kathy Squares,Lake Alyssa,Arkansas,67348,-116.251585,-83.8131025
Angela Smith,70,84238 Timothy Rest,Leefurt,Oklahoma,91938,-173.862618,-55.647360
Amanda Gardner,47,00941 Ibarra Mills Suite 344,North Sabrinabury,Louisiana,20198,4.234974,52.080500
Vernon Nelson,35,88433 Mills Radial Apt. 507,South Brian,Idaho,32712,-82.708407,-16.1462615
Sarah Flores,53,93193 Rice Camp Suite 226,North Daniel,Alaska,48873,-10.376343,45.692180
Brandon Gomez,62,9115 Kelly Knoll Apt. 104,Castroport,Missouri,23089,138.657279,29.987046
Jody Warner,35,232 Carroll Ports Suite 336,Lake Benjamin,New Hampshire,33936,-133.027672,-59.743392
Danny Estrada,57,12512 Alexis Ville Suite 106,North Christina,Missouri,24785,-127.140872,-47.1014885
Terry Brock,41,348 Linda Field,Saraborough,Wyoming,81966,-137.331824,-0.2167705
Denise Montoya,26,664 Davila Plains,Port Karen,Massachusetts,98733,-60.305392,-38.705847
Patricia Frazier,65,783 Tamara Court Suite 237,Port Leahshire,West Virginia,61815,80.624978,77.8608025
Caitlin Jones,66,81708 Parsons Stravenue Suite 814,Leeton,South Carolina,84425,-84.407988,-6.5958265
Sophia Horton,26,2399 White Estate,Rodriguezmouth,Kentucky,08336,-131.464063,87.7220535
Julie Valencia,75,715 Kathleen Village Suite 470,Lake Jacobburgh,New Jersey,11596,13.916860,21.327148
Jeremy Brown,30,8885 Matthews Turnpike Apt. 576,East Jose,Tennessee,68642,5.774211,-27.0616115
Brenda Romero,46,998 Fowler Village,Gentryside,Virginia,71204,-82.247372,65.5930925
Eric Velez,53,67622 Michael Plains Apt. 481,Port Valerie,Utah,50264,-157.953874,71.878520
Charles Wilson,48,269 Bird Points,South Denise,Massachusetts,74708,113.444800,-48.002513
Kelsey Ashley,28,2942 Williams Dale Suite 334,Port Heather,Vermont,86477,-25.152124,-4.6207855
Shaun Williams,64,211 Hays Springs,South Thomaschester,Pennsylvania,47225,-129.943932,-45.869041
Jose Rodriguez,26,258 Dennis Spring,Lewismouth,Alaska,14699,-107.386551,59.9292865
Diamond Mason,65,3344 Kenneth Flats Apt. 465,Benjaminhaven,Delaware,15649,170.181214,-43.479818
Diana Scott,26,14422 Washington Circles Suite 701,Wheelertown,Maryland,43069,35.951706,-87.568667
Tina Garcia,35,716 Charles Mills Suite 942,Port Richard,Missouri,89332,-79.809516,-36.5431685
Jimmy Rice,50,19687 Angela Station Suite 617,Moralesview,Florida,58342,108.250370,42.883813
David Miller,74,496 Rodgers Oval,Pamelamouth,Hawaii,60167,-8.050298,-51.752644
Tony Reeves,31,2731 Sherri Prairie,Douglasside,Texas,28028,-123.127145,16.2149515
Brittany Erickson,24,15991 Mccarty Harbors Suite 796,East Nicole,New York,58809,80.812275,66.4351245
Sara Hatfield,63,477 Luke Inlet,South Jennifer,Maine,50292,118.156436,32.648381
Amber Costa,49,4744 Oconnor Avenue Suite 548,South Margaret,Mississippi,51942,28.840366,-35.963075
Mr. Jared Grimes,60,3263 Cross Club Apt. 969,East Catherine,Nebraska,75158,-137.023764,-65.708302
Jonathon Rodriguez DVM,76,6424 Malone Meadows Suite 037,Port Melissamouth,South Carolina,12671,-159.468223,67.0578715
Matthew Jackson,22,8048 Roy Pine,New Raymondborough,Maryland,11628,32.047323,-67.949442
Robert Davis,60,9164 Smith Estates Suite 617,West Marie,Kansas,02278,-102.562517,-72.2684085
Danielle Hutchinson,27,9394 Ingram Street,Reynoldsberg,Wisconsin,34747,-43.367337,41.488051
Scott Goodman,58,11823 Arnold Shoal Apt. 946,Port Bryanside,Delaware,39675,137.422374,56.874113
Joseph Montoya,79,04300 Huynh Estate Suite 730,Nicholasmouth,Michigan,37599,-38.820332,34.122328
Beverly Daugherty,63,48423 Robert Alley,Port Williamchester,New York,75553,103.516997,-69.921560
David Nelson,41,099 Sandra Gardens,Biancamouth,Nebraska,51878,-29.465429,-88.808917
Stephanie Gomez,21,787 Susan Islands Apt. 784,Lake Amber,New Jersey,16702,67.771118,-24.672099
Melinda Reyes,62,95389 Graves Hollow,Dennismouth,Vermont,18363,-14.095819,-54.371383
Randy Gonzalez,25,849 Chase Crossing Suite 803,Mooretown,Nevada,31371,165.617997,58.9894795
Rebecca Gallegos,71,47332 Flores Springs Apt. 097,Port Julia,Wyoming,93045,-164.607814,26.295715
Elizabeth Goodwin,75,111 Chloe Lodge Suite 458,West Michelleberg,Minnesota,56357,41.449848,-60.7751525
John Thomas,79,32117 Hart Route,Russoborough,South Carolina,55719,59.233028,12.6876355
Joshua Rose,32,082 Davis Forest Apt. 203,Greenborough,Delaware,01053,84.472623,59.663757
Stacy Parrish,27,6257 Ayala Via Suite 651,Lynchchester,Kentucky,86886,-63.582962,-22.5642895
Katelyn Salazar,68,0752 Torres Curve Suite 394,Sandramouth,Nevada,65753,107.894263,67.1016195
Kimberly Maynard,70,9157 Williamson Port,West Ashleybury,Iowa,95942,168.990056,36.6536695
Colleen Hatfield,29,1357 Hardy Shoals,New Angela,Iowa,77299,81.655990,-0.273529
Robert Dillon,22,710 Young Meadow Apt. 365,East Curtistown,Hawaii,63509,-120.293876,86.3478235
Autumn Williams,70,16272 Smith Lane Suite 351,Archershire,New Hampshire,62863,-90.716713,-16.289730
Kimberly Leonard,33,766 Michael Plaza Suite 764,Barneschester,Louisiana,02030,41.668527,-12.689811
Michael Glenn,55,6436 Heather Plaza,New Marymouth,Oregon,33837,-157.371266,16.2290375
Debbie Doyle,27,4999 Karen Oval Apt. 555,Blackburnborough,Minnesota,93807,-35.253976,0.9217805
Donna Gray,21,459 Barber Skyway,East Ronald,New Hampshire,81896,-137.353338,-39.2749335
Paul Taylor,27,56790 Anthony Lodge Suite 652,Hughestown,New Mexico,63145,47.392195,-24.9382015
Albert Moon,41,860 Troy Loaf Apt. 131,East Shelbyville,North Carolina,87461,146.122573,27.5572555
Darren Hall,69,518 Victor Mews Suite 406,Guzmanport,Nevada,54916,-122.148661,8.397005
Shawn Woods,78,10166 Thompson Rest Suite 025,North Erin,Texas,80765,36.751509,55.7763035
Angel Macdonald,20,594 Stevens Courts Suite 555,Lake Timmouth,North Carolina,39929,-55.328506,-53.430801
Brooke Miranda,67,857 Cortez Glen,Warnertown,Rhode Island,97019,25.182635,-29.559109
Dr. Breanna Baker,57,92399 Shawn Bypass Suite 712,Tannermouth,Georgia,49744,91.668930,-87.287129
Todd Luna,63,7786 Estrada Parkways,Port Amanda,Virginia,72913,100.528664,-47.2726925
Matthew Hernandez,40,987 Smith Land,Davisburgh,Delaware,70045,-68.609111,3.688749
Alex Hampton,44,1121 Rachel Mountain Suite 025,Lake Andrewmouth,Alabama,89335,168.181166,78.6290395
Heather Fuller,35,8627 Robinson Plaza Suite 326,Smithborough,Pennsylvania,78999,-85.410616,-41.559628
Megan Wells,24,4925 Poole Tunnel,Robertborough,Utah,89207,-86.747335,-27.011963
Michael King,48,4917 Alicia Burg Apt. 115,Weissside,Louisiana,76948,-141.564822,-71.439900
Matthew Gordon,29,0724 Bruce Falls Apt. 908,Keithside,New Mexico,52229,2.628854,43.8737645
Catherine Barker,44,481 Gabriel Trace Suite 034,Kimberlyfort,Mississippi,12281,135.524612,16.8110885
Cheryl Gilbert,33,5031 Flores Streets,Brianberg,Vermont,52647,-47.382518,-41.0792525
Ricky Morales,68,84202 Martinez Flat Apt. 291,Lake Emilyhaven,Alaska,07353,-85.409876,24.4343805
Diana James,47,81446 Walker Junction,Lake Annahaven,Massachusetts,34303,35.311570,40.248821
John Taylor,70,73107 Lisa Trail,Carriefurt,Rhode Island,86569,-77.255854,73.6517765
Mr. Donald Thompson,22,694 Preston Way,South Ann,Arizona,73540,42.483744,-16.508037
Laura Avila,71,059 Johnson Run,Hoffmanland,South Dakota,46725,7.612068,72.375600
Elizabeth Hudson,78,33521 David Extension,Gloriastad,Georgia,42621,-78.749941,75.795752
Alicia Aguilar,54,79659 Wright Springs,South Adamchester,Colorado,69310,-143.990420,24.8063035
Melinda Davis,58,57684 Brian Lock Suite 483,Elizabethhaven,Maryland,36756,-33.393984,-46.6377495
Kendra Gomez,60,9109 Nicole Walk,Jamesland,Kansas,77266,167.935623,-64.119859
Nathaniel Oneal,66,5512 Jamie Islands,West Raymond,Hawaii,81230,30.633434,47.2783275
Richard Nelson,22,2793 Shelby Coves,Port Karen,Wisconsin,97491,-171.408729,-77.1071835
William Carr,27,680 Garcia Cliff,Hendersonmouth,Delaware,10135,-131.343542,70.7569995
Rachel Hess,52,343 Christopher Causeway Suite 468,Parrishberg,Massachusetts,09459,-18.455803,69.3290335
Debra Holland,40,258 French Square,Howellhaven,Iowa,75381,60.846314,-67.818130
Dwayne Simmons,69,75166 Angela Island,East Mathew,New Hampshire,57673,90.450200,-9.292960
Michael Terry,75,43549 Lisa Station Apt. 375,South Paula,Virginia,05910,-110.739988,83.118371
Kyle Willis,49,299 Sally Shoals,Lake Joseph,North Dakota,90058,148.828640,73.789134
Phillip Pierce,29,358 Sexton Light Apt. 139,Jackfort,Nebraska,76455,-118.809261,5.2097065
Lindsey Shea,51,9014 Karla View Apt. 161,Port Michaelhaven,Connecticut,32146,60.178023,75.823716
Lucas Clark,26,214 Boyd Fort,Gilbertborough,North Carolina,59896,125.608252,18.037250
Dr. Sherri Wyatt,27,6338 Parker Corner Apt. 871,South Gina,South Dakota,49622,28.969769,-86.612553
Tracy Nunez,48,148 Brown Plains,New James,Tennessee,42613,-170.179740,2.0673225
Veronica Torres,18,1200 Nicole Junctions Suite 264,Emilychester,Rhode Island,57210,16.567300,-77.945605
Diane Becker,57,02475 Ramirez Creek,South Allen,New Jersey,31025,37.251397,17.2998495
Renee Castillo,65,65561 West Prairie Suite 085,Rosehaven,Maine,10869,35.145529,82.222721
Mitchell Bell,67,71674 Jennifer Shore Apt. 977,East Elizabeth,Texas,42307,-54.855580,48.170911
Sydney Cooper,52,3320 Adams Mount,New Christianview,Alaska,58538,-76.875674,66.4441485
Kevin Brandt,39,30558 Vanessa Walk,Candaceburgh,Utah,31798,-127.765253,26.6398135
Melissa Young,80,7363 Ayala Crossroad Apt. 451,New Darrell,Missouri,52882,-160.502431,41.900335
Lori Miller,63,602 Lopez Place,South Amy,North Carolina,06138,90.866776,-14.4540535
Leslie George,66,323 Holden Isle Apt. 054,North Erin,Wyoming,78261,-11.012107,-23.224242
Leah Wheeler,56,25687 Theresa Throughway,Kingbury,Tennessee,82889,-141.720803,-32.729113
Eric Clark,31,436 King Brooks,Andersonmouth,Kansas,01354,44.225299,-25.4223145
Megan Davis,76,5020 Howe Landing Suite 865,Pattyborough,Wyoming,63490,162.212502,18.4385575
Penny Clark,62,50452 Moss Dam Apt. 900,Wattsborough,Pennsylvania,24482,-29.980658,-87.511488
Nancy Hall,69,0935 Wallace Pass Suite 961,Leachtown,Colorado,83256,-135.627637,-72.8023245
Melissa Warren,59,1197 Booker Dale Suite 920,Michaelburgh,Maine,89729,-54.815888,-3.769997
Anna Lester,18,458 Smith Freeway Suite 048,Justinville,California,18489,-28.360675,-83.278275
David Ramos,77,8798 King Coves,Russellland,Iowa,72783,-115.005512,14.1462955
Jennifer Huffman,80,639 Catherine Pine,North Bethhaven,North Dakota,17008,15.414699,33.521665
Walter Brown,70,836 Charlene Court,Rayshire,Utah,60523,174.564463,-57.814319
Jennifer Collier,65,86802 Skinner Course,Lake Erikatown,Oklahoma,54068,91.996984,10.674580
James Finley,70,857 Melissa Drive Suite 419,Jonathanstad,Delaware,34820,-45.835393,-44.008556
Carly Farley,30,82290 Wilcox Ferry,South Catherine,Oregon,21790,-154.801291,-81.2912475
John Burgess,54,99652 Michael Station Suite 663,Lake Melanie,Maryland,49204,-93.547615,66.5041675
Ronald Cline,18,7484 Hamilton Glens,Dixonland,Alaska,75870,-26.163713,76.919299
Wendy Gonzalez,58,845 Waller Islands Suite 308,New Adam,Virginia,37372,112.221371,-47.200900
Louis Roy,72,90260 Lyons Mill,North Timothyhaven,Tennessee,07810,-46.090073,59.5073745
Laura Welch,52,2602 Lori Mills Suite 517,Berryview,South Carolina,25995,21.502131,-85.2775005
Tiffany Clark,39,24187 Kelly Burg Apt. 968,Christinaburgh,Minnesota,41626,80.563502,-27.2486235
Damon Harvey,78,497 Brian Valley Apt. 375,Lake Kathleen,Wyoming,89489,29.949542,26.380393
Christopher Esparza,57,271 Diana Village,North Keithview,Rhode Island,39120,-52.428298,-68.991757
Jonathan Ryan,34,206 Case Springs Suite 111,West Jacobtown,Delaware,24686,139.872266,87.085256
Elizabeth Wilcox,23,093 Walter Mews Suite 531,South Christopherfurt,Wyoming,56266,-21.318422,-27.243037
Bonnie Rodriguez,32,8973 Cross Tunnel Apt. 598,Joshualand,Connecticut,01649,-152.256119,-43.752872
James Walker,25,267 Jake Road,Mccartyfort,New Jersey,53657,-116.303146,-57.9955605
Joseph Jackson,28,3930 Mason Place Apt. 084,Lake Candaceview,Washington,02390,112.488129,-4.7796555
George Gonzalez,77,84967 Keller Forge,East Lauren,Minnesota,29371,67.935323,-79.002248
Stacy Mercado,54,1213 Williams Highway Apt. 881,Mcculloughfurt,Delaware,41585,84.000931,66.5558055
Mason Garcia,36,761 Fisher Viaduct Apt. 367,Martinfort,Montana,46695,19.779553,-17.584354
Kristin Silva,73,133 Smith Plains,West Jeffreyshire,New York,95993,12.875078,-29.504534
Sean Dillon,26,380 James Islands,East Patrick,Illinois,14565,-118.558322,59.721155
Lori Jenkins,28,37619 Colin Meadow Apt. 989,Carrollshire,Virginia,14891,140.787370,-17.175969
Crystal Morgan,29,149 Nicholas Meadows,Port Susanton,New Jersey,17407,-169.939350,84.779898
Nathaniel Mckay,51,6329 Burke Parkways Suite 714,Deleonchester,North Dakota,22842,30.944616,-39.399040
Marcus Armstrong,30,637 Gentry Light Suite 937,Angelaview,Oregon,86633,-157.421220,6.1752755
Kayla Dominguez,59,3743 Henry Corner,South Norma,Hawaii,79450,-171.261176,25.672365
Alicia Gray,42,8936 Kyle Lodge,Jacobsonfort,Vermont,06511,95.711790,-77.7082215
Michael Allen,47,4892 Payne Plaza Suite 500,New Allison,Connecticut,70663,1.675699,-78.6567725
Todd Cain,48,7096 Jacobs Landing,North Gabrielleport,Mississippi,58018,-34.537859,-28.1957975
Robert Kelly,24,6526 Julie Manors Apt. 146,North Joshua,Washington,46275,-23.885475,-33.616170
Kevin Baker,72,29553 Price Harbors Apt. 420,West Kevin,Washington,43607,-63.884647,-20.2146065
Jane Torres,64,5664 Nathan Port,Dennisstad,Washington,92887,-132.139901,32.644769
Jennifer Carroll,62,60317 Johnson Hollow Apt. 921,South Wendy,Mississippi,82062,-154.778912,66.513575
Edward Morris,26,54256 Jensen Row,West Leslieshire,Texas,48028,-161.169898,-30.510001
Brittney Wagner,22,8445 Clarke Row Apt. 218,Colliermouth,Rhode Island,81032,-90.554813,-70.263268
Jaime Jackson,67,258 Murphy Curve,Port Martin,Utah,45904,161.513440,43.2140865
Donald Phelps,66,66754 Jacob Orchard Suite 427,Geraldland,Pennsylvania,75460,39.529434,5.1010275
Anthony Anderson,53,83797 Cruz Pine Suite 080,New Anthony,Maryland,06948,97.445141,-27.5121255
John Reyes,66,51342 Gonzalez Villages Suite 798,Stephanieview,California,54649,157.846762,-40.0858265
Charles Davis,21,1926 Davis Plains,Jacobsfurt,Ohio,14560,-73.115934,-67.6437085
Tiffany Schultz,30,4449 Becker Trace,Victorhaven,Oklahoma,05133,-12.103313,-34.9595115
Sara Whitney,79,9731 Ellison Meadows Suite 421,Johnsonburgh,Alaska,55511,39.934659,-6.380420
Scott Blake,37,610 Walker Stream,Lake Taylor,Rhode Island,65163,54.112466,87.296414
Mathew Powers,33,75676 Sarah Dam,Henrytown,South Carolina,59160,-171.611395,38.054192
Lisa Bowman,71,9498 David Wall Apt. 775,Wuland,Michigan,93243,166.119513,58.634000
Joshua Gonzalez,54,2781 Hector Avenue Suite 986,Mitchellside,Colorado,81010,30.164667,56.1859145
Mike Salinas,48,209 Diamond Coves,Hernandezfurt,Georgia,41169,-45.433979,8.9890395
Danny Guzman,46,689 John Spur,West Lisa,New Hampshire,32326,22.336330,58.1516975
Linda Reyes,75,072 Allison Loop,Tammyview,Massachusetts,75779,-86.931931,-73.513055
Scott Carr,66,1508 Oliver Orchard,Stevenston,Tennessee,77384,46.872896,85.1828655
Adam Webb,55,485 Taylor Island,Jillianhaven,Minnesota,05345,-94.860996,13.845087
Brittney Ross,69,33019 Barbara Club Suite 376,Angelaview,Kansas,56063,-146.100743,-39.0381295
Jordan Ray,27,4352 Colton Ranch,New Theresa,Illinois,75957,157.809155,22.2128215
Karen Stanley,65,04082 Durham Throughway,Johnbury,South Dakota,78307,80.799432,-74.892914
Kelly Freeman,29,925 Brown Parkway,East Scott,Nevada,40414,-99.390471,-23.1241565
Gregory Crawford,70,6019 Dixon Wells Apt. 308,Richardfort,Ohio,67868,-93.143793,-7.311377
Jennifer Cox,30,232 Linda Locks,South Matthew,Kentucky,80867,163.877542,12.030105
Robert Evans,22,483 David Divide,North Katie,Massachusetts,42638,-170.045511,-87.785177
Max Martinez,29,7209 Garcia Fields,Marytown,Massachusetts,11742,-122.595509,-71.8192375
Laura Campbell,65,2420 Hill Walks,West Matthew,South Carolina,20309,85.055658,-78.626150
Robert Mcgee,44,2448 Nicole Square,Dennisborough,Louisiana,86623,-92.040681,55.6097325
Joseph Munoz,63,2452 Mark Crescent Apt. 371,North Lawrenceshire,Kansas,29914,98.536138,43.331734
Sue Garrett,55,7970 Becky Square,Jonesside,California,83112,47.455931,-61.1916345
Michael York,70,610 Alexandria Parkway Suite 645,Mckenzieburgh,North Dakota,02993,-154.239110,-0.565188
Colleen Brown,18,3044 Isabel Field,Taylorview,Connecticut,27785,-38.223695,-56.5152395
James Soto,60,96873 Watson Radial Apt. 676,Lake Mackenzie,California,44701,135.699608,-48.370847
Sarah Marshall,30,94951 James Shore Apt. 140,North Adam,Maryland,59825,131.029264,2.273389
Monique Hopkins,32,2867 Moore Coves,East Sharon,Florida,81489,-40.580267,81.037640
Jeremy Campos,72,99430 Brandon Drive,Danielview,North Dakota,18444,80.311698,-73.7552305
John Richardson,32,9470 Johnson Crescent,North Tara,New Hampshire,64968,156.099879,41.337104
Jeffrey Stephens,45,7349 Mendoza Ramp,South Carol,Colorado,52243,-179.175433,86.136791
Christopher Gonzales,47,1810 Kaiser Mountain Apt. 223,East Brandi,Montana,80048,-63.604183,0.640170
Mark Bradley,42,231 Wilson Crossing Suite 106,Tracyview,Alaska,30813,-69.874768,36.6858845
Lisa Roberson,54,836 Jimmy Radial Apt. 930,North Charles,Washington,96332,-2.910685,44.9987805
Sarah Garcia DVM,51,0289 Wagner Lock,East Zachary,New Mexico,18577,-140.862005,18.213114
Maria Smith,49,416 Kimberly Underpass Suite 157,East Raymond,Nevada,96696,150.062774,-32.0893635
Christina Ortega,69,053 Kimberly Port Suite 513,Riveramouth,North Dakota,37482,-120.736283,-60.8287125
Daniel Arias,60,244 Cory Harbors Apt. 850,Roweborough,South Dakota,86245,49.772600,20.5183455
Marissa Sweeney,45,27860 Parker Inlet,Port Teresaport,Florida,83643,-103.712156,88.9126755
Tiffany West,57,0754 Johnson Village,Port Angela,New Jersey,27073,57.529500,21.276791
Tyler Sanchez,24,867 Patricia Springs Suite 547,North Edward,California,76196,92.250807,-50.681553
Cheryl Jackson,73,18956 Patrick Junction Suite 400,Phelpsville,Kansas,42533,42.520965,34.730160
Richard Pruitt MD,29,8421 Anderson Ranch,Fosterfurt,North Dakota,88820,-178.094840,-11.815970
Samuel Leon,58,2500 Bowman Harbor,Juliaside,Illinois,89845,-153.265292,76.239561
Brandi Russell,56,72539 Casey Flat Apt. 014,Jonathanmouth,Colorado,74028,-31.052912,19.464518
Emily Walsh,28,1644 Vega Inlet Apt. 925,New Kathleen,Wisconsin,76167,135.153722,89.8784845
Laurie Norris DDS,51,93794 Lauren Land Suite 712,West Amberfurt,South Dakota,73241,-75.200359,-1.912268
Carol Massey,77,95534 Jeremy Hill Suite 804,Heatherland,Vermont,76804,14.013972,-62.840566
Mary Hernandez,32,80496 Rodriguez Canyon Suite 479,Boyershire,Georgia,31982,-0.699924,29.7253075
Nicholas Warren,55,59549 White Road,Brooksbury,Nebraska,59722,-37.057647,83.9954555
Michael Rodriguez,35,55402 Schultz Loaf,New Eric,Iowa,21763,-47.038318,-70.786559
Michael Sutton,18,4595 Andrew Mills,South Brandy,Missouri,44023,114.689424,42.313203
Amy Moody,74,603 Carol Circle Suite 476,South Jamesville,Kentucky,84015,170.303661,-1.8427655
David Washington,36,34313 Cardenas Stream Suite 842,New Crystal,New Hampshire,89867,-3.489679,-11.4452155
Stephanie Curry,20,4998 Baker Stream Suite 657,West Charles,Alaska,53993,48.501173,-69.2373665
Calvin Dunn,30,12461 Angela Key Apt. 464,Salinasmouth,Louisiana,63851,149.735215,32.1883995
Leroy Rogers,70,4161 Evans Flat,Lake Vincentton,Illinois,52789,149.347025,-31.7142715
Maurice Richards,18,4700 Mallory Garden Apt. 442,West Anthonyberg,New Mexico,75255,16.041138,86.506497
Jennifer Houston,61,54644 Dean Run,North Adriantown,Nevada,94044,-30.635071,68.434667
Brian Rowland,41,18817 Carmen Wells,New Larrymouth,South Carolina,12221,-79.082890,16.4215465
Brenda Brown,43,6444 Nicole Curve,Bridgestown,California,24203,-121.256745,-2.895074
Brenda Mccann,26,512 Barnett Trace,Williamsburgh,South Dakota,89879,-32.188960,20.7315185
Kimberly Schmidt,70,9024 Lawson Coves Suite 873,Saramouth,New Mexico,50644,-39.920734,44.2552635
William Barker,59,9469 Audrey Rue,East Reneefurt,Pennsylvania,99336,-150.559006,56.1190175
Lydia Kennedy,55,0730 Kirsten Street,New Michellemouth,Kansas,31421,-123.503281,73.593671
Heidi Lloyd,19,501 David Fall Suite 912,Gabrielfort,Kentucky,03307,-6.597245,55.681861
James Davis,43,434 Michael Mountains Apt. 916,Meredithberg,Arizona,79601,166.856171,44.9966105
Rachel Banks,18,01171 Anthony Square Apt. 191,Loweton,Pennsylvania,97443,-93.912377,-87.169430
Aaron Hernandez,31,67502 Matthew Prairie Suite 577,Hughesmouth,Alabama,11603,-54.278970,27.000370
Sean Christensen,32,324 Anthony Parkways Suite 689,Amyfort,Minnesota,61460,-70.658032,-83.942268
Nicholas Rodriguez,66,4329 Rebekah Village,Pattersonbury,Iowa,57206,135.465589,-43.570193
Monica Christensen,36,51735 Whitney Route Suite 488,North Kathryn,Indiana,17889,-44.196455,-13.1702715
Lynn Webb,40,99584 Cuevas Shore Apt. 464,West Benjaminhaven,North Carolina,79748,-24.476521,65.454264
Ronald Harper,67,61972 Williams Point,Lewismouth,Massachusetts,71958,-167.615136,22.5809495
John Brown,51,0003 Adams Mount,Tomstad,Maryland,26123,84.861358,58.3487545
James Mccoy,59,98986 Dwayne Coves,New Michael,Arkansas,47365,-88.368522,-22.5040365
Sharon Young,19,0574 Ashley Rapids Apt. 149,Smithborough,Minnesota,30395,-86.971065,-70.173775
Gabrielle Wagner,54,22276 Obrien Stream,West Joshuabury,Connecticut,95802,-16.493199,-57.398446
Michael Wood,68,945 Lowe Manors Suite 187,New Melissa,Georgia,54508,115.646612,5.6398575
Ashley Greene,44,7197 Vargas Gateway Suite 000,South Troy,Kentucky,62091,-36.580573,39.5273595
Julie Garcia MD,50,7196 Hayes Loaf Suite 665,North Joseph,Arizona,61846,34.155894,-50.5884105
Stephen Todd,20,4969 Miller Streets Apt. 979,South Annachester,Tennessee,42082,-11.137726,-1.074371
Angela Campbell,31,76533 Maria Port Suite 954,Jenniferburgh,Missouri,96033,-104.083976,-43.780614
Nicole Morris,32,159 Townsend Views,Singletonside,Alaska,88162,32.053958,-31.6172685
Mackenzie Green,69,60541 Nicholas Trail Suite 549,Port Carolynmouth,Colorado,16415,106.721323,-77.603191
Lacey Goodwin,77,2767 Marsh Island Apt. 309,Oliviabury,South Dakota,55338,140.658342,25.2420705
Matthew Hull DDS,43,16528 Davis Pine Suite 575,Port Jasonbury,Oklahoma,35711,168.996569,-30.0295765
Michael Parker,60,26772 Harrington Plaza,Durhamchester,Oregon,95759,176.707243,50.0209735
Roger Williams,62,76607 Sandra Village,Washingtonburgh,Alaska,73651,-34.993995,-25.1020395
Leslie Cunningham,79,3646 Brett Tunnel Apt. 615,West Danielmouth,Missouri,65767,132.315824,-31.7196475
Amy Osborn,42,363 Lee Viaduct Apt. 883,Longhaven,Iowa,15812,169.868666,54.6872295
Leslie Evans,41,007 Ashlee Trace Suite 403,Maryfort,New Hampshire,93304,-168.267253,-64.426774
Mark Taylor,36,186 Cooke Bridge,Luishaven,New York,96827,-66.723532,9.0149435
Joshua Grant,69,0807 Rivera Tunnel Suite 229,Atkinsonbury,Arkansas,50996,-174.295959,27.310903
Brenda Marshall,32,7126 Smith Street,West Rebeccaborough,Florida,01034,-43.661966,-30.150233
Michael Brewer,23,953 Donald Inlet,Chloeborough,Iowa,92876,-118.123658,-19.189801
Kelsey Berger,25,08269 Karl Loaf Suite 821,New Thomasmouth,Alabama,21318,168.100740,-68.385852
Angela Schmidt,24,2982 Annette Overpass Apt. 272,South Troyhaven,Kentucky,97656,162.245770,7.9437515
Marie Watts,26,683 Vincent Gardens Apt. 010,Goodwinchester,Utah,95464,62.493051,18.6867085
Jennifer Robinson,29,631 Megan Ford Suite 927,Lynnmouth,Louisiana,40509,-176.270119,-77.1379555
Heather Gibson,29,162 Roberta Plaza,Brennanport,New Hampshire,10042,168.452174,51.640575
Melissa Clark,64,5393 Robin Village,Jacksonview,Tennessee,57655,27.797390,-80.082608
